domain,domain_created_utc,domain_age_days_asof_2026_07_27,domain_age_months_approx,domain_age_source,rankto_panel_status,rankto_history_observations,rankto_history_first_date,rankto_history_latest_date,rankto_current_rank,rankto_current_monthly_visit_pace_model,rankto_integrated_t30_visits_model,rankto_history_30d,traffic_basis_for_revenue,traffic_basis_visits_model,platform_observed,price_clue_source,price_source_url,price_min_usd,price_median_unique_usd,price_max_usd,aov_low_model_usd,aov_base_model_usd,aov_high_model_usd,conversion_low_model,conversion_base_model,conversion_high_model,monthly_gmv_low_model_usd,monthly_gmv_base_model_usd,monthly_gmv_high_model_usd,storefront_evidence_notes,rankto_source_url,storefront_url,disclaimer
spartalabs.net,2026-01-28T23:17:51Z,179,5.9,https://rdap.verisign.com/net/v1/domain/spartalabs.net,no_history,0,,,,,,,not estimable: no Rank.to panel history (not evidence of zero traffic),,unknown,none,,,,,120,175,230,1%,2%,3%,,,,Direct product page exists; homepage dollar tokens were not reliable catalog prices.,https://rank.to/api/?d=spartalabs.net&n=30,https://spartalabs.net/,"Modeled, not measured. Rank.to is an order-of-magnitude traffic model; GMV scenarios multiply modeled visits by assumed conversion and AOV, before refunds, chargebacks, taxes, or costs. No Rank.to history does not mean zero traffic."
regentide.net,2025-09-26T01:05:34Z,303,10.0,https://rdap.verisign.com/net/v1/domain/regentide.net,no_history,0,,,,,,,not estimable: no Rank.to panel history (not evidence of zero traffic),,woocommerce,homepage_visible_prices,https://regentide.net/,49.99,150.0,639.99,120,175,230,1%,2%,3%,,,,Free shipping over $150.,https://rank.to/api/?d=regentide.net&n=30,https://regentide.net/,"Modeled, not measured. Rank.to is an order-of-magnitude traffic model; GMV scenarios multiply modeled visits by assumed conversion and AOV, before refunds, chargebacks, taxes, or costs. No Rank.to history does not mean zero traffic."
quantapeptides.com,2026-06-07T05:43:56Z,49,1.6,https://rdap.verisign.com/com/v1/domain/quantapeptides.com,no_history,0,,,,,,,not estimable: no Rank.to panel history (not evidence of zero traffic),,custom_or_unknown,homepage_visible_prices,https://quantapeptides.com/,16.0,34.0,250.0,120,175,230,1%,2%,3%,,,,Homepage tokens mix product prices/strengths; free shipping over $250; low price-confidence.,https://rank.to/api/?d=quantapeptides.com&n=30,https://quantapeptides.com/,"Modeled, not measured. Rank.to is an order-of-magnitude traffic model; GMV scenarios multiply modeled visits by assumed conversion and AOV, before refunds, chargebacks, taxes, or costs. No Rank.to history does not mean zero traffic."
pspeptides.com,2025-11-10T23:46:19Z,258,8.5,https://rdap.verisign.com/com/v1/domain/pspeptides.com,available,14,2026-07-13,2026-07-26,3286109,12934,5791,2026-07-13:4074115;2026-07-14:3819113;2026-07-15:3658067;2026-07-16:3581905;2026-07-17:3436093;2026-07-18:3370959;2026-07-19:3282477;2026-07-20:3299779;2026-07-21:3302930;2026-07-22:3239652;2026-07-23:3245671;2026-07-24:3248140;2026-07-25:3242887;2026-07-26:3286109,current monthly pace; Rank.to history partial,12934,woocommerce,woo_store_api,https://pspeptides.com/wp-json/wc/store/v1/products?per_page=100,3.99,49.49,544.99,85,120,155,1%,2%,3%,10994,31041,60142,Free-shipping messaging includes any-order and over-$200 variants; 5% promotion.,https://rank.to/api/?d=pspeptides.com&n=30,https://pspeptides.com/,"Modeled, not measured. Rank.to is an order-of-magnitude traffic model; GMV scenarios multiply modeled visits by assumed conversion and AOV, before refunds, chargebacks, taxes, or costs. No Rank.to history does not mean zero traffic."
veloraresearch.com,2025-09-11T04:37:57Z,318,10.4,https://rdap.verisign.com/com/v1/domain/veloraresearch.com,no_history,0,,,,,,,not estimable: no Rank.to panel history (not evidence of zero traffic),,woocommerce,woo_store_api,https://veloraresearch.com/wp-json/wc/store/v1/products?per_page=100,12.99,70.0,120.0,100,140,180,1%,2%,3%,,,,Free shipping over $200.,https://rank.to/api/?d=veloraresearch.com&n=30,https://veloraresearch.com/,"Modeled, not measured. Rank.to is an order-of-magnitude traffic model; GMV scenarios multiply modeled visits by assumed conversion and AOV, before refunds, chargebacks, taxes, or costs. No Rank.to history does not mean zero traffic."
peptidescollective.com,2025-06-16T01:39:15Z,405,13.3,https://rdap.verisign.com/com/v1/domain/peptidescollective.com,no_history,0,,,,,,,not estimable: no Rank.to panel history (not evidence of zero traffic),,woocommerce,woo_store_api,https://peptidescollective.com/wp-json/wc/store/v1/products?per_page=100,17.99,53.1,95.0,85,120,155,1%,2%,3%,,,,30% first-order offer; free shipping over $250.,https://rank.to/api/?d=peptidescollective.com&n=30,https://peptidescollective.com/,"Modeled, not measured. Rank.to is an order-of-magnitude traffic model; GMV scenarios multiply modeled visits by assumed conversion and AOV, before refunds, chargebacks, taxes, or costs. No Rank.to history does not mean zero traffic."
royal-peptides.com,2024-08-20T16:12:25Z,705,23.2,https://rdap.verisign.com/com/v1/domain/royal-peptides.com,no_history,0,,,,,,,not estimable: no Rank.to panel history (not evidence of zero traffic),,woocommerce,woo_store_api,https://royal-peptides.com/wp-json/wc/store/v1/products?per_page=100,25.0,375.0,875.0,175,250,325,1%,2%,3%,,,,Catalog has high-priced multi-unit/bundle entries; median unique price is not basket AOV.,https://rank.to/api/?d=royal-peptides.com&n=30,https://royal-peptides.com/,"Modeled, not measured. Rank.to is an order-of-magnitude traffic model; GMV scenarios multiply modeled visits by assumed conversion and AOV, before refunds, chargebacks, taxes, or costs. No Rank.to history does not mean zero traffic."
stratelabs.is,2026-07-10T15:40:01+00:00,16,0.5,https://rdap.isnic.is/rdap/domain/stratelabs.is,available,30,2026-06-27,2026-07-26,1290425,34512,55017,2026-06-27:631213;2026-06-28:636645;2026-06-29:642196;2026-06-30:647870;2026-07-01:657965;2026-07-02:666823;2026-07-03:677616;2026-07-04:689750;2026-07-05:697285;2026-07-06:711153;2026-07-07:723518;2026-07-08:728577;2026-07-09:737419;2026-07-10:860798;2026-07-11:860538;2026-07-12:860301;2026-07-13:860967;2026-07-14:898360;2026-07-15:917545;2026-07-16:939333;2026-07-17:961408;2026-07-18:984980;2026-07-19:1015872;2026-07-20:1043801;2026-07-21:1072342;2026-07-22:1103735;2026-07-23:1139799;2026-07-24:1176849;2026-07-25:1250652;2026-07-26:1290425,integrated trailing-30-day model,55017,woocommerce,homepage_visible_prices,https://stratelabs.is/,4.0,69.99,339.95,120,175,230,1%,2%,3%,66020,192559,379615,Homepage-price extraction only; cohort AOV used. Rank history begins 13 days before the current .is registration date; likely inherited/re-registration signal and especially unreliable.,https://rank.to/api/?d=stratelabs.is&n=30,https://stratelabs.is/,"Modeled, not measured. Rank.to is an order-of-magnitude traffic model; GMV scenarios multiply modeled visits by assumed conversion and AOV, before refunds, chargebacks, taxes, or costs. No Rank.to history does not mean zero traffic."
rivnpeptides.com,2026-01-21T22:44:31Z,186,6.1,https://rdap.verisign.com/com/v1/domain/rivnpeptides.com,no_history,0,,,,,,,not estimable: no Rank.to panel history (not evidence of zero traffic),,woocommerce,woo_store_api,https://rivnpeptides.com/wp-json/wc/store/v1/products?per_page=100,14.99,59.99,199.99,85,120,155,1%,2%,3%,,,,Free shipping threshold messaging around $150; free BAC-water promotion.,https://rank.to/api/?d=rivnpeptides.com&n=30,https://rivnpeptides.com/,"Modeled, not measured. Rank.to is an order-of-magnitude traffic model; GMV scenarios multiply modeled visits by assumed conversion and AOV, before refunds, chargebacks, taxes, or costs. No Rank.to history does not mean zero traffic."
umbrellalabs.is,2020-02-12T22:25:01+00:00,2356,77.4,https://rdap.isnic.is/rdap/domain/umbrellalabs.is,available,30,2026-06-27,2026-07-26,504240,92571,95119,2026-06-27:500082;2026-06-28:500315;2026-06-29:500580;2026-06-30:501006;2026-07-01:499394;2026-07-02:499694;2026-07-03:494594;2026-07-04:490704;2026-07-05:490253;2026-07-06:490188;2026-07-07:486862;2026-07-08:486156;2026-07-09:485836;2026-07-10:483631;2026-07-11:483417;2026-07-12:483393;2026-07-13:483254;2026-07-14:483006;2026-07-15:483339;2026-07-16:483149;2026-07-17:483448;2026-07-18:484231;2026-07-19:485741;2026-07-20:491742;2026-07-21:493280;2026-07-22:494960;2026-07-23:496885;2026-07-24:498564;2026-07-25:502197;2026-07-26:504240,integrated trailing-30-day model,95119,woocommerce,woo_store_api,https://umbrellalabs.is/wp-json/wc/store/v1/products?per_page=100,19.99,96.99,799.99,135,195,255,1%,2%,3%,128411,370965,727662,Free shipping plus visible 10%-20% offers.,https://rank.to/api/?d=umbrellalabs.is&n=30,https://umbrellalabs.is/,"Modeled, not measured. Rank.to is an order-of-magnitude traffic model; GMV scenarios multiply modeled visits by assumed conversion and AOV, before refunds, chargebacks, taxes, or costs. No Rank.to history does not mean zero traffic."
riptidewellness.com,2014-04-08T22:36:01Z,4492,147.6,https://rdap.verisign.com/com/v1/domain/riptidewellness.com,no_history,0,,,,,,,not estimable: no Rank.to panel history (not evidence of zero traffic),,woocommerce,woo_store_api,https://riptidewellness.com/wp-json/wc/store/v1/products?per_page=100,10.0,78.6,3458.82,110,155,200,1%,2%,3%,,,,Free shipping over $150; maximum includes very large bundle/outlier.,https://rank.to/api/?d=riptidewellness.com&n=30,https://riptidewellness.com/,"Modeled, not measured. Rank.to is an order-of-magnitude traffic model; GMV scenarios multiply modeled visits by assumed conversion and AOV, before refunds, chargebacks, taxes, or costs. No Rank.to history does not mean zero traffic."
premierbiolabs.com,2025-09-07T23:17:39Z,322,10.6,https://rdap.verisign.com/com/v1/domain/premierbiolabs.com,available,19,2026-07-08,2026-07-26,3717288,11363,6664,2026-07-08:4251175;2026-07-09:4255093;2026-07-10:4252629;2026-07-11:4268335;2026-07-12:4256188;2026-07-13:4285471;2026-07-14:4292681;2026-07-15:4280344;2026-07-16:4279779;2026-07-17:3987679;2026-07-18:3811462;2026-07-19:3750175;2026-07-20:3746960;2026-07-21:3747243;2026-07-22:3777678;2026-07-23:3778132;2026-07-24:3776149;2026-07-25:3779107;2026-07-26:3717288,current monthly pace; Rank.to history partial,11363,woocommerce,woo_store_api,https://premierbiolabs.com/wp-json/wc/store/v1/products?per_page=100,3.99,116.99,1399.99,165,235,305,1%,2%,3%,18749,53408,103974,Large bundles and 40%-off promotion visible.,https://rank.to/api/?d=premierbiolabs.com&n=30,https://premierbiolabs.com/,"Modeled, not measured. Rank.to is an order-of-magnitude traffic model; GMV scenarios multiply modeled visits by assumed conversion and AOV, before refunds, chargebacks, taxes, or costs. No Rank.to history does not mean zero traffic."
sunday-usa.com,2025-10-28T09:34:19Z,271,8.9,https://rdap.verisign.com/com/v1/domain/sunday-usa.com,no_history,0,,,,,,,not estimable: no Rank.to panel history (not evidence of zero traffic),,woocommerce,woo_store_api,https://sunday-usa.com/wp-json/wc/store/v1/products?per_page=100,20.0,210.0,400.0,175,250,325,1%,2%,3%,,,,BOGO promotion visible.,https://rank.to/api/?d=sunday-usa.com&n=30,https://sunday-usa.com/,"Modeled, not measured. Rank.to is an order-of-magnitude traffic model; GMV scenarios multiply modeled visits by assumed conversion and AOV, before refunds, chargebacks, taxes, or costs. No Rank.to history does not mean zero traffic."
tidetopia.com,2026-03-27T08:01:42Z,121,4.0,https://rdap.verisign.com/com/v1/domain/tidetopia.com,no_history,0,,,,,,,not estimable: no Rank.to panel history (not evidence of zero traffic),,shopify,shopify_products_json,https://tidetopia.com/products.json?limit=250,40.0,60.0,150.0,85,120,155,1%,2%,3%,,,,Public Shopify products JSON supplied price clues.,https://rank.to/api/?d=tidetopia.com&n=30,https://tidetopia.com/,"Modeled, not measured. Rank.to is an order-of-magnitude traffic model; GMV scenarios multiply modeled visits by assumed conversion and AOV, before refunds, chargebacks, taxes, or costs. No Rank.to history does not mean zero traffic."
sunrisebioresearch.com,2025-06-24T07:14:16Z,397,13.0,https://rdap.verisign.com/com/v1/domain/sunrisebioresearch.com,no_history,0,,,,,,,not estimable: no Rank.to panel history (not evidence of zero traffic),,woocommerce,woo_store_api,https://sunrisebioresearch.com/wp-json/wc/store/v1/products?per_page=100,23.72,120.36,475.53,170,240,310,1%,2%,3%,,,,Public Woo Store API supplied price clues.,https://rank.to/api/?d=sunrisebioresearch.com&n=30,https://sunrisebioresearch.com/,"Modeled, not measured. Rank.to is an order-of-magnitude traffic model; GMV scenarios multiply modeled visits by assumed conversion and AOV, before refunds, chargebacks, taxes, or costs. No Rank.to history does not mean zero traffic."
true-peptides.com,2025-11-07T02:40:14Z,261,8.6,https://rdap.verisign.com/com/v1/domain/true-peptides.com,no_history,0,,,,,,,not estimable: no Rank.to panel history (not evidence of zero traffic),,unknown,homepage_visible_prices,https://true-peptides.com/,13.0,40.0,89.0,120,175,230,1%,2%,3%,,,,Homepage-price extraction only; cohort AOV used.,https://rank.to/api/?d=true-peptides.com&n=30,https://true-peptides.com/,"Modeled, not measured. Rank.to is an order-of-magnitude traffic model; GMV scenarios multiply modeled visits by assumed conversion and AOV, before refunds, chargebacks, taxes, or costs. No Rank.to history does not mean zero traffic."
swisschems.is,2020-06-25T15:25:03+00:00,2222,73.0,https://rdap.isnic.is/rdap/domain/swisschems.is,available,30,2026-06-27,2026-07-26,364398,130193,133894,2026-06-27:358355;2026-06-28:356586;2026-06-29:356515;2026-06-30:356349;2026-07-01:356477;2026-07-02:355017;2026-07-03:354985;2026-07-04:354352;2026-07-05:354786;2026-07-06:353888;2026-07-07:352379;2026-07-08:351834;2026-07-09:352205;2026-07-10:352496;2026-07-11:352022;2026-07-12:351804;2026-07-13:351160;2026-07-14:351510;2026-07-15:351527;2026-07-16:351931;2026-07-17:352310;2026-07-18:352450;2026-07-19:352583;2026-07-20:355123;2026-07-21:356189;2026-07-22:356877;2026-07-23:358315;2026-07-24:359519;2026-07-25:360868;2026-07-26:364398,integrated trailing-30-day model,133894,woocommerce,woo_store_api,https://swisschems.is/wp-json/wc/store/v1/products?per_page=100,3.99,64.47,260.99,90,130,170,1%,2%,3%,120505,348125,682860,Free shipping over $100 US / $300 international.,https://rank.to/api/?d=swisschems.is&n=30,https://swisschems.is/,"Modeled, not measured. Rank.to is an order-of-magnitude traffic model; GMV scenarios multiply modeled visits by assumed conversion and AOV, before refunds, chargebacks, taxes, or costs. No Rank.to history does not mean zero traffic."
thepeplabs.com,2026-03-18T20:39:44Z,130,4.3,https://rdap.verisign.com/com/v1/domain/thepeplabs.com,no_history,0,,,,,,,not estimable: no Rank.to panel history (not evidence of zero traffic),,unknown,none,,,,,120,175,230,1%,2%,3%,,,,Gate blocked reliable catalog pricing.,https://rank.to/api/?d=thepeplabs.com&n=30,https://thepeplabs.com/,"Modeled, not measured. Rank.to is an order-of-magnitude traffic model; GMV scenarios multiply modeled visits by assumed conversion and AOV, before refunds, chargebacks, taxes, or costs. No Rank.to history does not mean zero traffic."
primepeptides.co,2024-01-31T16:44:03.0Z,907,29.8,whois://whois.registry.co/primepeptides.co,available,30,2026-06-27,2026-07-26,582621,79540,81865,2026-06-27:533917;2026-06-28:535455;2026-06-29:542153;2026-06-30:545233;2026-07-01:548831;2026-07-02:552605;2026-07-03:556239;2026-07-04:559170;2026-07-05:560917;2026-07-06:565258;2026-07-07:568519;2026-07-08:568155;2026-07-09:569321;2026-07-10:570186;2026-07-11:570892;2026-07-12:571737;2026-07-13:571705;2026-07-14:573016;2026-07-15:573997;2026-07-16:575256;2026-07-17:578908;2026-07-18:578407;2026-07-19:579913;2026-07-20:580035;2026-07-21:579917;2026-07-22:579340;2026-07-23:581507;2026-07-24:582073;2026-07-25:581485;2026-07-26:582621,integrated trailing-30-day model,81865,woocommerce,woo_store_api,https://primepeptides.co/wp-json/wc/store/v1/products?per_page=100,25.0,75.0,150.0,105,150,195,1%,2%,3%,85958,245594,478908,Free shipping over $150; 5% first-order offer.,https://rank.to/api/?d=primepeptides.co&n=30,https://primepeptides.co/,"Modeled, not measured. Rank.to is an order-of-magnitude traffic model; GMV scenarios multiply modeled visits by assumed conversion and AOV, before refunds, chargebacks, taxes, or costs. No Rank.to history does not mean zero traffic."
simplepeptide.com,2023-12-19T21:24:06Z,950,31.2,https://rdap.verisign.com/com/v1/domain/simplepeptide.com,available,30,2026-06-27,2026-07-26,241591,200451,258965,2026-06-27:177936;2026-06-28:178092;2026-06-29:178359;2026-06-30:178468;2026-07-01:178534;2026-07-02:178897;2026-07-03:179231;2026-07-04:179328;2026-07-05:178266;2026-07-06:178110;2026-07-07:177691;2026-07-08:177377;2026-07-09:177046;2026-07-10:176819;2026-07-11:176530;2026-07-12:176268;2026-07-13:176353;2026-07-14:179986;2026-07-15:183741;2026-07-16:188589;2026-07-17:192472;2026-07-18:196380;2026-07-19:201252;2026-07-20:205861;2026-07-21:210694;2026-07-22:220228;2026-07-23:225252;2026-07-24:230406;2026-07-25:236376;2026-07-26:241591,integrated trailing-30-day model,258965,woocommerce,woo_store_api,https://simplepeptide.com/wp-json/wc/store/v1/products?per_page=100,5.0,98.0,1695.0,135,195,255,1%,2%,3%,349602,1009962,1981079,Maximum includes a large bundle/outlier.,https://rank.to/api/?d=simplepeptide.com&n=30,https://simplepeptide.com/,"Modeled, not measured. Rank.to is an order-of-magnitude traffic model; GMV scenarios multiply modeled visits by assumed conversion and AOV, before refunds, chargebacks, taxes, or costs. No Rank.to history does not mean zero traffic."
realpeptides.co,2025-04-16T20:46:07.0Z,466,15.3,whois://whois.registry.co/realpeptides.co,available,30,2026-06-27,2026-07-26,678775,67753,53830,2026-06-27:1187024;2026-06-28:1161214;2026-06-29:1144281;2026-06-30:1128794;2026-07-01:1095667;2026-07-02:1067420;2026-07-03:1043774;2026-07-04:1030555;2026-07-05:1003535;2026-07-06:979576;2026-07-07:957078;2026-07-08:941429;2026-07-09:928957;2026-07-10:919475;2026-07-11:912955;2026-07-12:906774;2026-07-13:896368;2026-07-14:844589;2026-07-15:727738;2026-07-16:715174;2026-07-17:707489;2026-07-18:694482;2026-07-19:683415;2026-07-20:675200;2026-07-21:672249;2026-07-22:675071;2026-07-23:674489;2026-07-24:679980;2026-07-25:678776;2026-07-26:678775,integrated trailing-30-day model,53830,woocommerce,woo_store_api,https://realpeptides.co/wp-json/wc/store/v1/products?per_page=100,12.0,135.0,620.0,175,250,325,1%,2%,3%,94202,269148,524839,25% first-order offer.,https://rank.to/api/?d=realpeptides.co&n=30,https://realpeptides.co/,"Modeled, not measured. Rank.to is an order-of-magnitude traffic model; GMV scenarios multiply modeled visits by assumed conversion and AOV, before refunds, chargebacks, taxes, or costs. No Rank.to history does not mean zero traffic."
polarispeptides.com,2024-01-07T06:36:22Z,931,30.6,https://rdap.verisign.com/com/v1/domain/polarispeptides.com,available,30,2026-06-27,2026-07-26,1174765,38089,38843,2026-06-27:1288236;2026-06-28:1288765;2026-06-29:1288870;2026-06-30:1270272;2026-07-01:1258250;2026-07-02:1242299;2026-07-03:1222404;2026-07-04:1193241;2026-07-05:1173194;2026-07-06:1162450;2026-07-07:1149554;2026-07-08:1138614;2026-07-09:1128831;2026-07-10:1119587;2026-07-11:1107794;2026-07-12:1105294;2026-07-13:1095863;2026-07-14:1088309;2026-07-15:1090048;2026-07-16:1092209;2026-07-17:1092959;2026-07-18:1093444;2026-07-19:1096119;2026-07-20:1105645;2026-07-21:1115713;2026-07-22:1128229;2026-07-23:1117519;2026-07-24:1127489;2026-07-25:1146608;2026-07-26:1174765,integrated trailing-30-day model,38843,woocommerce,woo_store_api,https://polarispeptides.com/wp-json/wc/store/v1/products?per_page=100,30.0,120.0,400.0,170,240,310,1%,2%,3%,66034,186448,361243,10% first-order offer.,https://rank.to/api/?d=polarispeptides.com&n=30,https://polarispeptides.com/,"Modeled, not measured. Rank.to is an order-of-magnitude traffic model; GMV scenarios multiply modeled visits by assumed conversion and AOV, before refunds, chargebacks, taxes, or costs. No Rank.to history does not mean zero traffic."
uspeptidescience.com,2026-03-13T18:58:50Z,135,4.4,https://rdap.verisign.com/com/v1/domain/uspeptidescience.com,no_history,0,,,,,,,not estimable: no Rank.to panel history (not evidence of zero traffic),,unknown,none,,,,,120,175,230,1%,2%,3%,,,,"Homepage dollar tokens appeared to include thresholds/timing, not reliable catalog prices.",https://rank.to/api/?d=uspeptidescience.com&n=30,https://uspeptidescience.com/,"Modeled, not measured. Rank.to is an order-of-magnitude traffic model; GMV scenarios multiply modeled visits by assumed conversion and AOV, before refunds, chargebacks, taxes, or costs. No Rank.to history does not mean zero traffic."
peptira.com,2025-05-29T03:39:44Z,423,13.9,https://rdap.verisign.com/com/v1/domain/peptira.com,available,30,2026-06-27,2026-07-26,468821,99928,92109,2026-06-27:511752;2026-06-28:512740;2026-06-29:512640;2026-06-30:512114;2026-07-01:514871;2026-07-02:518216;2026-07-03:520815;2026-07-04:518538;2026-07-05:521243;2026-07-06:521255;2026-07-07:518785;2026-07-08:518075;2026-07-09:518063;2026-07-10:518529;2026-07-11:518536;2026-07-12:518933;2026-07-13:519820;2026-07-14:520473;2026-07-15:516924;2026-07-16:512611;2026-07-17:506472;2026-07-18:502672;2026-07-19:500116;2026-07-20:494914;2026-07-21:489328;2026-07-22:484766;2026-07-23:479121;2026-07-24:474454;2026-07-25:470556;2026-07-26:468821,integrated trailing-30-day model,92109,woocommerce,woo_store_api,https://peptira.com/wp-json/wc/store/v1/products?per_page=100,2.99,75.99,199.0,105,150,195,1%,2%,3%,96714,276326,538836,Free shipping over $250.,https://rank.to/api/?d=peptira.com&n=30,https://peptira.com/,"Modeled, not measured. Rank.to is an order-of-magnitude traffic model; GMV scenarios multiply modeled visits by assumed conversion and AOV, before refunds, chargebacks, taxes, or costs. No Rank.to history does not mean zero traffic."
peptidology.co,2024-11-26T03:15:05.0Z,607,19.9,whois://whois.registry.co/peptidology.co,available,30,2026-06-27,2026-07-26,1453740,30453,29177,2026-06-27:1566651;2026-06-28:1550154;2026-06-29:1549225;2026-06-30:1550942;2026-07-01:1549439;2026-07-02:1550619;2026-07-03:1528956;2026-07-04:1530896;2026-07-05:1528566;2026-07-06:1529595;2026-07-07:1508064;2026-07-08:1488531;2026-07-09:1491282;2026-07-10:1491785;2026-07-11:1489127;2026-07-12:1491726;2026-07-13:1493065;2026-07-14:1493923;2026-07-15:1508109;2026-07-16:1510404;2026-07-17:1512315;2026-07-18:1512142;2026-07-19:1528547;2026-07-20:1529917;2026-07-21:1530890;2026-07-22:1511495;2026-07-23:1493306;2026-07-24:1492420;2026-07-25:1474794;2026-07-26:1453740,integrated trailing-30-day model,29177,woocommerce,woo_store_api,https://peptidology.co/wp-json/wc/store/v1/products?per_page=100,7.95,69.0,179.99,100,140,180,1%,2%,3%,29177,81696,157557,30% site offer plus bulk-order discounts.,https://rank.to/api/?d=peptidology.co&n=30,https://peptidology.co/,"Modeled, not measured. Rank.to is an order-of-magnitude traffic model; GMV scenarios multiply modeled visits by assumed conversion and AOV, before refunds, chargebacks, taxes, or costs. No Rank.to history does not mean zero traffic."
societypeptide.com,2026-03-25T00:45:40Z,123,4.0,https://rdap.verisign.com/com/v1/domain/societypeptide.com,no_history,0,,,,,,,not estimable: no Rank.to panel history (not evidence of zero traffic),,woocommerce,woo_store_api,https://societypeptide.com/wp-json/wc/store/v1/products?per_page=100,15.99,84.99,199.99,120,170,220,1%,2%,3%,,,,35% first-purchase offer.,https://rank.to/api/?d=societypeptide.com&n=30,https://societypeptide.com/,"Modeled, not measured. Rank.to is an order-of-magnitude traffic model; GMV scenarios multiply modeled visits by assumed conversion and AOV, before refunds, chargebacks, taxes, or costs. No Rank.to history does not mean zero traffic."
protidehealth.com,2025-01-07T03:46:11Z,565,18.6,https://rdap.verisign.com/com/v1/domain/protidehealth.com,available,30,2026-06-27,2026-07-26,508401,91775,68180,2026-06-27:950707;2026-06-28:944380;2026-06-29:929128;2026-06-30:914372;2026-07-01:903959;2026-07-02:891307;2026-07-03:880771;2026-07-04:870616;2026-07-05:857902;2026-07-06:750726;2026-07-07:731292;2026-07-08:718825;2026-07-09:707367;2026-07-10:697275;2026-07-11:685386;2026-07-12:676718;2026-07-13:670617;2026-07-14:649928;2026-07-15:630540;2026-07-16:616943;2026-07-17:602997;2026-07-18:584937;2026-07-19:569471;2026-07-20:557570;2026-07-21:546387;2026-07-22:534690;2026-07-23:526913;2026-07-24:520115;2026-07-25:515251;2026-07-26:508401,integrated trailing-30-day model,68180,woocommerce,woo_store_api,https://protidehealth.com/wp-json/wc/store/v1/products?per_page=100,14.99,105.0,295.0,145,210,275,1%,2%,3%,98861,286357,562488,Free shipping over $199.,https://rank.to/api/?d=protidehealth.com&n=30,https://protidehealth.com/,"Modeled, not measured. Rank.to is an order-of-magnitude traffic model; GMV scenarios multiply modeled visits by assumed conversion and AOV, before refunds, chargebacks, taxes, or costs. No Rank.to history does not mean zero traffic."
truepeptidelabs.com,2025-06-06T23:35:10Z,415,13.6,https://rdap.verisign.com/com/v1/domain/truepeptidelabs.com,available,30,2026-06-27,2026-07-26,1729374,25378,25521,2026-06-27:1710254;2026-06-28:1709680;2026-06-29:1710081;2026-06-30:1709997;2026-07-01:1710298;2026-07-02:1712748;2026-07-03:1712784;2026-07-04:1708944;2026-07-05:1708128;2026-07-06:1706180;2026-07-07:1705268;2026-07-08:1760297;2026-07-09:1762162;2026-07-10:1762780;2026-07-11:1759195;2026-07-12:1758383;2026-07-13:1758811;2026-07-14:1703515;2026-07-15:1704738;2026-07-16:1708537;2026-07-17:1709347;2026-07-18:1706133;2026-07-19:1706149;2026-07-20:1706679;2026-07-21:1708057;2026-07-22:1709631;2026-07-23:1712340;2026-07-24:1712497;2026-07-25:1729606;2026-07-26:1729374,integrated trailing-30-day model,25521,woocommerce,woo_store_api,https://truepeptidelabs.com/wp-json/wc/store/v1/products?per_page=100,3.0,63.0,579.5,90,125,160,1%,2%,3%,22969,63802,122499,Public Woo Store API supplied price clues.,https://rank.to/api/?d=truepeptidelabs.com&n=30,https://truepeptidelabs.com/,"Modeled, not measured. Rank.to is an order-of-magnitude traffic model; GMV scenarios multiply modeled visits by assumed conversion and AOV, before refunds, chargebacks, taxes, or costs. No Rank.to history does not mean zero traffic."
wholesalepeptide.com,2024-02-05T19:05:14Z,902,29.6,https://rdap.verisign.com/com/v1/domain/wholesalepeptide.com,no_history,0,,,,,,,not estimable: no Rank.to panel history (not evidence of zero traffic),,woocommerce,none,,,,,120,175,230,1%,2%,3%,,,,"Visible $99/$200 values were shipping thresholds, not reliable catalog prices.",https://rank.to/api/?d=wholesalepeptide.com&n=30,https://wholesalepeptide.com/,"Modeled, not measured. Rank.to is an order-of-magnitude traffic model; GMV scenarios multiply modeled visits by assumed conversion and AOV, before refunds, chargebacks, taxes, or costs. No Rank.to history does not mean zero traffic."
researchchemhq.co,2024-08-26T22:18:01.0Z,699,23.0,whois://whois.registry.co/researchchemhq.co,no_history,0,,,,,,,not estimable: no Rank.to panel history (not evidence of zero traffic),,woocommerce,woo_store_api,https://researchchemhq.co/wp-json/wc/store/v1/products?per_page=100,4.99,89.99,229.99,125,180,235,1%,2%,3%,,,,Public Woo Store API supplied price clues.,https://rank.to/api/?d=researchchemhq.co&n=30,https://researchchemhq.co/,"Modeled, not measured. Rank.to is an order-of-magnitude traffic model; GMV scenarios multiply modeled visits by assumed conversion and AOV, before refunds, chargebacks, taxes, or costs. No Rank.to history does not mean zero traffic."
peptidelabsinc.com,2025-09-26T21:37:28.00Z,303,10.0,https://rdap.verisign.com/com/v1/domain/peptidelabsinc.com,no_history,0,,,,,,,not estimable: no Rank.to panel history (not evidence of zero traffic),,blocked_or_unknown,none,,,,,120,175,230,1%,2%,3%,,,,Browser challenge prevented reliable catalog pricing.,https://rank.to/api/?d=peptidelabsinc.com&n=30,https://peptidelabsinc.com/,"Modeled, not measured. Rank.to is an order-of-magnitude traffic model; GMV scenarios multiply modeled visits by assumed conversion and AOV, before refunds, chargebacks, taxes, or costs. No Rank.to history does not mean zero traffic."
profoundaminos.com,2024-08-21T21:28:57Z,704,23.1,https://rdap.verisign.com/com/v1/domain/profoundaminos.com,available,30,2026-06-27,2026-07-26,626653,73682,81606,2026-06-27:569483;2026-06-28:567989;2026-06-29:568309;2026-06-30:564471;2026-07-01:561180;2026-07-02:558141;2026-07-03:558373;2026-07-04:554577;2026-07-05:547978;2026-07-06:547906;2026-07-07:544079;2026-07-08:543889;2026-07-09:544182;2026-07-10:544406;2026-07-11:546935;2026-07-12:549681;2026-07-13:553431;2026-07-14:554876;2026-07-15:558724;2026-07-16:563214;2026-07-17:572555;2026-07-18:576845;2026-07-19:583369;2026-07-20:590158;2026-07-21:594673;2026-07-22:601790;2026-07-23:607646;2026-07-24:611246;2026-07-25:619692;2026-07-26:626653,integrated trailing-30-day model,81606,blocked_or_unknown,none,,,,,120,175,230,1%,2%,3%,97927,285620,563078,Browser challenge prevented reliable catalog pricing; cohort AOV used when rank data exists.,https://rank.to/api/?d=profoundaminos.com&n=30,https://profoundaminos.com/,"Modeled, not measured. Rank.to is an order-of-magnitude traffic model; GMV scenarios multiply modeled visits by assumed conversion and AOV, before refunds, chargebacks, taxes, or costs. No Rank.to history does not mean zero traffic."
purepeps.com,2018-12-05T17:18:38Z,2790,91.7,https://rdap.verisign.com/com/v1/domain/purepeps.com,no_history,0,,,,,,,not estimable: no Rank.to panel history (not evidence of zero traffic),,blocked_or_unknown,none,,,,,120,175,230,1%,2%,3%,,,,Browser challenge prevented reliable catalog pricing.,https://rank.to/api/?d=purepeps.com&n=30,https://purepeps.com/,"Modeled, not measured. Rank.to is an order-of-magnitude traffic model; GMV scenarios multiply modeled visits by assumed conversion and AOV, before refunds, chargebacks, taxes, or costs. No Rank.to history does not mean zero traffic."
skyepeptides.com,2023-05-28T22:20:06Z,1155,37.9,https://rdap.verisign.com/com/v1/domain/skyepeptides.com,available,30,2026-06-27,2026-07-26,657793,70024,64789,2026-06-27:749572;2026-06-28:749463;2026-06-29:831704;2026-06-30:830595;2026-07-01:744673;2026-07-02:737588;2026-07-03:731655;2026-07-04:724708;2026-07-05:723349;2026-07-06:723282;2026-07-07:718337;2026-07-08:708757;2026-07-09:702266;2026-07-10:702116;2026-07-11:702112;2026-07-12:702949;2026-07-13:702707;2026-07-14:705210;2026-07-15:697473;2026-07-16:693724;2026-07-17:690413;2026-07-18:684831;2026-07-19:681778;2026-07-20:681796;2026-07-21:677618;2026-07-22:673321;2026-07-23:667498;2026-07-24:661985;2026-07-25:658242;2026-07-26:657793,integrated trailing-30-day model,64789,blocked_or_unknown,none,,,,,120,175,230,1%,2%,3%,77747,226762,447045,Browser challenge prevented reliable catalog pricing; cohort AOV used when rank data exists.,https://rank.to/api/?d=skyepeptides.com&n=30,https://skyepeptides.com/,"Modeled, not measured. Rank.to is an order-of-magnitude traffic model; GMV scenarios multiply modeled visits by assumed conversion and AOV, before refunds, chargebacks, taxes, or costs. No Rank.to history does not mean zero traffic."
somachems.com,2022-04-17T22:43:07Z,1561,51.3,https://rdap.verisign.com/com/v1/domain/somachems.com,available,30,2026-06-27,2026-07-26,722493,63455,59183,2026-06-27:832213;2026-06-28:832179;2026-06-29:832711;2026-06-30:831620;2026-07-01:829214;2026-07-02:829114;2026-07-03:829107;2026-07-04:828431;2026-07-05:828922;2026-07-06:828565;2026-07-07:827813;2026-07-08:859523;2026-07-09:859167;2026-07-10:740151;2026-07-11:740063;2026-07-12:739826;2026-07-13:741267;2026-07-14:740360;2026-07-15:740054;2026-07-16:740148;2026-07-17:732623;2026-07-18:726810;2026-07-19:721059;2026-07-20:720681;2026-07-21:722615;2026-07-22:722583;2026-07-23:723940;2026-07-24:723730;2026-07-25:722160;2026-07-26:722493,integrated trailing-30-day model,59183,woocommerce,woo_store_api,https://somachems.com/wp-json/wc/store/v1/products?per_page=100,2.49,79.99,199.99,110,160,210,1%,2%,3%,65101,189385,372851,40%-off GLP promotion visible.,https://rank.to/api/?d=somachems.com&n=30,https://somachems.com/,"Modeled, not measured. Rank.to is an order-of-magnitude traffic model; GMV scenarios multiply modeled visits by assumed conversion and AOV, before refunds, chargebacks, taxes, or costs. No Rank.to history does not mean zero traffic."
vigorpeptides.com,2023-07-21T17:59:30Z,1101,36.2,https://rdap.verisign.com/com/v1/domain/vigorpeptides.com,no_history,0,,,,,,,not estimable: no Rank.to panel history (not evidence of zero traffic),,blocked_or_unknown,none,,,,,120,175,230,1%,2%,3%,,,,Browser challenge prevented reliable catalog pricing.,https://rank.to/api/?d=vigorpeptides.com&n=30,https://vigorpeptides.com/,"Modeled, not measured. Rank.to is an order-of-magnitude traffic model; GMV scenarios multiply modeled visits by assumed conversion and AOV, before refunds, chargebacks, taxes, or costs. No Rank.to history does not mean zero traffic."
peptideplugs.com,2025-12-30T21:28:56Z,208,6.8,https://rdap.verisign.com/com/v1/domain/peptideplugs.com,available,30,2026-06-27,2026-07-26,2119698,20495,18485,2026-06-27:2921911;2026-06-28:2821346;2026-06-29:2772474;2026-06-30:2717276;2026-07-01:2683230;2026-07-02:2656798;2026-07-03:2594597;2026-07-04:2570142;2026-07-05:2541634;2026-07-06:2513256;2026-07-07:2454810;2026-07-08:2413376;2026-07-09:2371490;2026-07-10:2323659;2026-07-11:2287751;2026-07-12:2248663;2026-07-13:2202192;2026-07-14:2150723;2026-07-15:2148961;2026-07-16:2153610;2026-07-17:2155103;2026-07-18:2155595;2026-07-19:2158778;2026-07-20:2158957;2026-07-21:2160226;2026-07-22:2116237;2026-07-23:2115398;2026-07-24:2115313;2026-07-25:2115344;2026-07-26:2119698,integrated trailing-30-day model,18485,woocommerce,woo_store_api,https://peptideplugs.com/wp-json/wc/store/v1/products?per_page=100,10.0,57.5,199.0,85,120,155,1%,2%,3%,15712,44364,85955,Free shipping and item discounts visible.,https://rank.to/api/?d=peptideplugs.com&n=30,https://peptideplugs.com/,"Modeled, not measured. Rank.to is an order-of-magnitude traffic model; GMV scenarios multiply modeled visits by assumed conversion and AOV, before refunds, chargebacks, taxes, or costs. No Rank.to history does not mean zero traffic."
peptomiq.com,2026-01-13T19:04:55Z,194,6.4,https://rdap.verisign.com/com/v1/domain/peptomiq.com,no_history,0,,,,,,,not estimable: no Rank.to panel history (not evidence of zero traffic),,unreachable_or_unknown,none,,,,,120,175,230,1%,2%,3%,,,,Public storefront was unreachable during probe.,https://rank.to/api/?d=peptomiq.com&n=30,https://peptomiq.com/,"Modeled, not measured. Rank.to is an order-of-magnitude traffic model; GMV scenarios multiply modeled visits by assumed conversion and AOV, before refunds, chargebacks, taxes, or costs. No Rank.to history does not mean zero traffic."
spusa-labs.com,2026-01-17T21:33:27Z,190,6.2,https://rdap.verisign.com/com/v1/domain/spusa-labs.com,no_history,0,,,,,,,not estimable: no Rank.to panel history (not evidence of zero traffic),,unreachable_or_unknown,none,,,,,120,175,230,1%,2%,3%,,,,Public storefront was unreachable during probe.,https://rank.to/api/?d=spusa-labs.com&n=30,https://spusa-labs.com/,"Modeled, not measured. Rank.to is an order-of-magnitude traffic model; GMV scenarios multiply modeled visits by assumed conversion and AOV, before refunds, chargebacks, taxes, or costs. No Rank.to history does not mean zero traffic."
trypureonepeptides.com,2026-01-29T15:02:25.00Z,178,5.8,https://rdap.verisign.com/com/v1/domain/trypureonepeptides.com,no_history,0,,,,,,,not estimable: no Rank.to panel history (not evidence of zero traffic),,unreachable_or_unknown,none,,,,,120,175,230,1%,2%,3%,,,,Public storefront timed out during probe.,https://rank.to/api/?d=trypureonepeptides.com&n=30,https://trypureonepeptides.com/,"Modeled, not measured. Rank.to is an order-of-magnitude traffic model; GMV scenarios multiply modeled visits by assumed conversion and AOV, before refunds, chargebacks, taxes, or costs. No Rank.to history does not mean zero traffic."
