domain,product_title,canonical_url,public_product_id,public_variant_id,public_sku_id,category,strength_size_options,current_price,compare_at_list_price,currency,stock_status,backorder,min_purchase,max_purchase,exact_public_quantity,source_url,extraction_method,captured_at,confidence,caveat
northlinelabs.org,Reta GLP-3,https://northlinelabs.org/product/reta-glp-3/,NL-22361,,,Hormones & analogues,Size: 10mg,79.99,,USD,in_stock,unknown,1,,,https://northlinelabs.org/product/reta-glp-3/,Anonymous public browser-indexed product pages,2026-07-28T02:08:00.000Z,medium,The direct origin returned a SiteGround challenge to this research client. Anonymous public browser-indexed pages exposed the catalog and offer details; this snapshot may lag the origin. Binary in-stock only; no exact quantity or backorder policy was public. No gate was accepted.
northlinelabs.org,Reta GLP-3,https://northlinelabs.org/product/reta-glp-3/,NL-22361,,,Hormones & analogues,Size: 15mg,99.99,,USD,in_stock,unknown,1,,,https://northlinelabs.org/product/reta-glp-3/,Anonymous public browser-indexed product pages,2026-07-28T02:08:00.000Z,medium,The direct origin returned a SiteGround challenge to this research client. Anonymous public browser-indexed pages exposed the catalog and offer details; this snapshot may lag the origin. Binary in-stock only; no exact quantity or backorder policy was public. No gate was accepted.
northlinelabs.org,Reta GLP-3,https://northlinelabs.org/product/reta-glp-3/,NL-22361,,,Hormones & analogues,Size: 20mg,129.99,,USD,in_stock,unknown,1,,,https://northlinelabs.org/product/reta-glp-3/,Anonymous public browser-indexed product pages,2026-07-28T02:08:00.000Z,medium,The direct origin returned a SiteGround challenge to this research client. Anonymous public browser-indexed pages exposed the catalog and offer details; this snapshot may lag the origin. Binary in-stock only; no exact quantity or backorder policy was public. No gate was accepted.
northlinelabs.org,Reta GLP-3,https://northlinelabs.org/product/reta-glp-3/,NL-22361,,,Hormones & analogues,Size: 30mg,189.99,,USD,in_stock,unknown,1,,,https://northlinelabs.org/product/reta-glp-3/,Anonymous public browser-indexed product pages,2026-07-28T02:08:00.000Z,medium,The direct origin returned a SiteGround challenge to this research client. Anonymous public browser-indexed pages exposed the catalog and offer details; this snapshot may lag the origin. Binary in-stock only; no exact quantity or backorder policy was public. No gate was accepted.
northlinelabs.org,Reta GLP-3,https://northlinelabs.org/product/reta-glp-3/,NL-22361,,,Hormones & analogues,Size: 50mg,299.99,,USD,in_stock,unknown,1,,,https://northlinelabs.org/product/reta-glp-3/,Anonymous public browser-indexed product pages,2026-07-28T02:08:00.000Z,medium,The direct origin returned a SiteGround challenge to this research client. Anonymous public browser-indexed pages exposed the catalog and offer details; this snapshot may lag the origin. Binary in-stock only; no exact quantity or backorder policy was public. No gate was accepted.
northlinelabs.org,NAD+,https://northlinelabs.org/product/nad-premium-research-compound/,NL-22431,,,Single peptide,Size: 500mg,89.99,,USD,in_stock,unknown,1,,,https://northlinelabs.org/product/nad-premium-research-compound/,Anonymous public browser-indexed product pages,2026-07-28T02:08:00.000Z,medium,The direct origin returned a SiteGround challenge to this research client. Anonymous public browser-indexed pages exposed the catalog and offer details; this snapshot may lag the origin. Binary in-stock only; no exact quantity or backorder policy was public. No gate was accepted.
northlinelabs.org,NAD+,https://northlinelabs.org/product/nad-premium-research-compound/,NL-22431,,,Single peptide,Size: 1000mg,129.99,,USD,in_stock,unknown,1,,,https://northlinelabs.org/product/nad-premium-research-compound/,Anonymous public browser-indexed product pages,2026-07-28T02:08:00.000Z,medium,The direct origin returned a SiteGround challenge to this research client. Anonymous public browser-indexed pages exposed the catalog and offer details; this snapshot may lag the origin. Binary in-stock only; no exact quantity or backorder policy was public. No gate was accepted.
northlinelabs.org,AOD-9604,https://northlinelabs.org/product/aod-9604-premium-research-peptide/,NL-22441,,,Single peptide,Size: 5mg,79.99,,USD,in_stock,unknown,1,,,https://northlinelabs.org/product/aod-9604-premium-research-peptide/,Anonymous public browser-indexed product pages,2026-07-28T02:08:00.000Z,medium,The direct origin returned a SiteGround challenge to this research client. Anonymous public browser-indexed pages exposed the catalog and offer details; this snapshot may lag the origin. Binary in-stock only; no exact quantity or backorder policy was public. No gate was accepted.
northlinelabs.org,AOD-9604,https://northlinelabs.org/product/aod-9604-premium-research-peptide/,NL-22441,,,Single peptide,Size: 10mg,109.99,,USD,in_stock,unknown,1,,,https://northlinelabs.org/product/aod-9604-premium-research-peptide/,Anonymous public browser-indexed product pages,2026-07-28T02:08:00.000Z,medium,The direct origin returned a SiteGround challenge to this research client. Anonymous public browser-indexed pages exposed the catalog and offer details; this snapshot may lag the origin. Binary in-stock only; no exact quantity or backorder policy was public. No gate was accepted.
northlinelabs.org,Ipamorelin,https://northlinelabs.org/product/ipamorelin-premium-research-peptide/,NL-22386,,,Single peptide,Size: 10mg,74.99,,USD,in_stock,unknown,1,,,https://northlinelabs.org/product/ipamorelin-premium-research-peptide/,Anonymous public browser-indexed product pages,2026-07-28T02:08:00.000Z,medium,The direct origin returned a SiteGround challenge to this research client. Anonymous public browser-indexed pages exposed the catalog and offer details; this snapshot may lag the origin. Binary in-stock only; no exact quantity or backorder policy was public. No gate was accepted.
northlinelabs.org,Sermorelin,https://northlinelabs.org/product/sermorelin/,NL-24770,,,Hormones & analogues,Size: 10mg,99.99,,USD,in_stock,unknown,1,,,https://northlinelabs.org/product/sermorelin/,Anonymous public browser-indexed product pages,2026-07-28T02:08:00.000Z,medium,The direct origin returned a SiteGround challenge to this research client. Anonymous public browser-indexed pages exposed the catalog and offer details; this snapshot may lag the origin. Binary in-stock only; no exact quantity or backorder policy was public. No gate was accepted.
northlinelabs.org,5-Amino-1MQ,https://northlinelabs.org/product/5-amino-1mq-premium-research-peptide/,NL-24888,,,Single peptide,Size: 5mg,89.99,,USD,in_stock,unknown,1,,,https://northlinelabs.org/product/5-amino-1mq-premium-research-peptide/,Anonymous public browser-indexed product pages,2026-07-28T02:08:00.000Z,medium,The direct origin returned a SiteGround challenge to this research client. Anonymous public browser-indexed pages exposed the catalog and offer details; this snapshot may lag the origin. Binary in-stock only; no exact quantity or backorder policy was public. No gate was accepted.
northlinelabs.org,5-Amino-1MQ,https://northlinelabs.org/product/5-amino-1mq-premium-research-peptide/,NL-24888,,,Single peptide,Size: 50mg,199.99,,USD,in_stock,unknown,1,,,https://northlinelabs.org/product/5-amino-1mq-premium-research-peptide/,Anonymous public browser-indexed product pages,2026-07-28T02:08:00.000Z,medium,The direct origin returned a SiteGround challenge to this research client. Anonymous public browser-indexed pages exposed the catalog and offer details; this snapshot may lag the origin. Binary in-stock only; no exact quantity or backorder policy was public. No gate was accepted.
northlinelabs.org,KLOW,https://northlinelabs.org/product/bpc-157-tb-500-kpv-ghk-cu-blend-premium-research-peptide-set/,NL-22380,,,Blend,Size: 80mg,169.99,,USD,in_stock,unknown,1,,,https://northlinelabs.org/product/bpc-157-tb-500-kpv-ghk-cu-blend-premium-research-peptide-set/,Anonymous public browser-indexed product pages,2026-07-28T02:08:00.000Z,medium,The direct origin returned a SiteGround challenge to this research client. Anonymous public browser-indexed pages exposed the catalog and offer details; this snapshot may lag the origin. Binary in-stock only; no exact quantity or backorder policy was public. No gate was accepted.
northlinelabs.org,Tesamorelin,https://northlinelabs.org/product/tesa-th9507-ghrh-analog/,NL-22360,,,Hormones & analogues,Size: 10mg,79.99,,USD,in_stock,unknown,1,,,https://northlinelabs.org/product/tesa-th9507-ghrh-analog/,Anonymous public browser-indexed product pages,2026-07-28T02:08:00.000Z,medium,The direct origin returned a SiteGround challenge to this research client. Anonymous public browser-indexed pages exposed the catalog and offer details; this snapshot may lag the origin. Binary in-stock only; no exact quantity or backorder policy was public. No gate was accepted.
northlinelabs.org,Tesamorelin,https://northlinelabs.org/product/tesa-th9507-ghrh-analog/,NL-22360,,,Hormones & analogues,Size: 20mg,124.99,,USD,in_stock,unknown,1,,,https://northlinelabs.org/product/tesa-th9507-ghrh-analog/,Anonymous public browser-indexed product pages,2026-07-28T02:08:00.000Z,medium,The direct origin returned a SiteGround challenge to this research client. Anonymous public browser-indexed pages exposed the catalog and offer details; this snapshot may lag the origin. Binary in-stock only; no exact quantity or backorder policy was public. No gate was accepted.
northlinelabs.org,KPV - Premium Research Peptide,https://northlinelabs.org/product/kpv-premium-research-peptide/,NL-24090,,,Single peptide,Size: 10mg,74.99,,USD,in_stock,unknown,1,,,https://northlinelabs.org/product/kpv-premium-research-peptide/,Anonymous public browser-indexed product pages,2026-07-28T02:08:00.000Z,medium,The direct origin returned a SiteGround challenge to this research client. Anonymous public browser-indexed pages exposed the catalog and offer details; this snapshot may lag the origin. Binary in-stock only; no exact quantity or backorder policy was public. No gate was accepted.
northlinelabs.org,Melanotan-1 (Afamelanotide),https://northlinelabs.org/product/melanotan-1-afamelanotide-premium-research-peptide/,NL-22443,,,Single peptide,Size: 10mg,69.99,,USD,in_stock,unknown,1,,,https://northlinelabs.org/product/melanotan-1-afamelanotide-premium-research-peptide/,Anonymous public browser-indexed product pages,2026-07-28T02:08:00.000Z,medium,The direct origin returned a SiteGround challenge to this research client. Anonymous public browser-indexed pages exposed the catalog and offer details; this snapshot may lag the origin. Binary in-stock only; no exact quantity or backorder policy was public. No gate was accepted.
northlinelabs.org,TB-500,https://northlinelabs.org/product/tb-500-premium-research-peptide/,NL-22383,,,Single peptide,Size: 10mg,99.99,,USD,in_stock,unknown,1,,,https://northlinelabs.org/product/tb-500-premium-research-peptide/,Anonymous public browser-indexed product pages,2026-07-28T02:08:00.000Z,medium,The direct origin returned a SiteGround challenge to this research client. Anonymous public browser-indexed pages exposed the catalog and offer details; this snapshot may lag the origin. Binary in-stock only; no exact quantity or backorder policy was public. No gate was accepted.
northlinelabs.org,VIP,https://northlinelabs.org/product/vip-premium-research-peptide/,NL-22433,,,Single peptide,Size: 10mg,84.99,,USD,in_stock,unknown,1,,,https://northlinelabs.org/product/vip-premium-research-peptide/,Anonymous public browser-indexed product pages,2026-07-28T02:08:00.000Z,medium,The direct origin returned a SiteGround challenge to this research client. Anonymous public browser-indexed pages exposed the catalog and offer details; this snapshot may lag the origin. Binary in-stock only; no exact quantity or backorder policy was public. No gate was accepted.
northlinelabs.org,GLOW,https://northlinelabs.org/product/bpc-157-tb-500-ghk-cu-blend-premium-research-peptide-set/,NL-22442,,,Blend,Size: 70mg,134.99,,USD,in_stock,unknown,1,,,https://northlinelabs.org/product/bpc-157-tb-500-ghk-cu-blend-premium-research-peptide-set/,Anonymous public browser-indexed product pages,2026-07-28T02:08:00.000Z,medium,The direct origin returned a SiteGround challenge to this research client. Anonymous public browser-indexed pages exposed the catalog and offer details; this snapshot may lag the origin. Binary in-stock only; no exact quantity or backorder policy was public. No gate was accepted.
northlinelabs.org,DSIP,https://northlinelabs.org/product/dsip-premium-research-peptide/,NL-22432,,,Single peptide,Size: 15mg,79.99,,USD,in_stock,unknown,1,,,https://northlinelabs.org/product/dsip-premium-research-peptide/,Anonymous public browser-indexed product pages,2026-07-28T02:08:00.000Z,medium,The direct origin returned a SiteGround challenge to this research client. Anonymous public browser-indexed pages exposed the catalog and offer details; this snapshot may lag the origin. Binary in-stock only; no exact quantity or backorder policy was public. No gate was accepted.
northlinelabs.org,Sema GLP-1,https://northlinelabs.org/product/glp-1-analog-research-grade-premium-research-peptide/,NL-22444,,,Single peptide,Size: 10mg,44.99,,USD,in_stock,unknown,1,,,https://northlinelabs.org/product/glp-1-analog-research-grade-premium-research-peptide/,Anonymous public browser-indexed product pages,2026-07-28T02:08:00.000Z,medium,The direct origin returned a SiteGround challenge to this research client. Anonymous public browser-indexed pages exposed the catalog and offer details; this snapshot may lag the origin. Binary in-stock only; no exact quantity or backorder policy was public. No gate was accepted.
northlinelabs.org,Sema GLP-1,https://northlinelabs.org/product/glp-1-analog-research-grade-premium-research-peptide/,NL-22444,,,Single peptide,Size: 15mg,54.99,,USD,in_stock,unknown,1,,,https://northlinelabs.org/product/glp-1-analog-research-grade-premium-research-peptide/,Anonymous public browser-indexed product pages,2026-07-28T02:08:00.000Z,medium,The direct origin returned a SiteGround challenge to this research client. Anonymous public browser-indexed pages exposed the catalog and offer details; this snapshot may lag the origin. Binary in-stock only; no exact quantity or backorder policy was public. No gate was accepted.
northlinelabs.org,Sema GLP-1,https://northlinelabs.org/product/glp-1-analog-research-grade-premium-research-peptide/,NL-22444,,,Single peptide,Size: 20mg,64.99,,USD,in_stock,unknown,1,,,https://northlinelabs.org/product/glp-1-analog-research-grade-premium-research-peptide/,Anonymous public browser-indexed product pages,2026-07-28T02:08:00.000Z,medium,The direct origin returned a SiteGround challenge to this research client. Anonymous public browser-indexed pages exposed the catalog and offer details; this snapshot may lag the origin. Binary in-stock only; no exact quantity or backorder policy was public. No gate was accepted.
northlinelabs.org,Sema GLP-1,https://northlinelabs.org/product/glp-1-analog-research-grade-premium-research-peptide/,NL-22444,,,Single peptide,Size: 30mg,84.99,,USD,in_stock,unknown,1,,,https://northlinelabs.org/product/glp-1-analog-research-grade-premium-research-peptide/,Anonymous public browser-indexed product pages,2026-07-28T02:08:00.000Z,medium,The direct origin returned a SiteGround challenge to this research client. Anonymous public browser-indexed pages exposed the catalog and offer details; this snapshot may lag the origin. Binary in-stock only; no exact quantity or backorder policy was public. No gate was accepted.
northlinelabs.org,Sema GLP-1,https://northlinelabs.org/product/glp-1-analog-research-grade-premium-research-peptide/,NL-22444,,,Single peptide,Size: 50mg,119,,USD,in_stock,unknown,1,,,https://northlinelabs.org/product/glp-1-analog-research-grade-premium-research-peptide/,Anonymous public browser-indexed product pages,2026-07-28T02:08:00.000Z,medium,The direct origin returned a SiteGround challenge to this research client. Anonymous public browser-indexed pages exposed the catalog and offer details; this snapshot may lag the origin. Binary in-stock only; no exact quantity or backorder policy was public. No gate was accepted.
northlinelabs.org,Adamax,https://northlinelabs.org/product/adamax-premium-research-peptide/,NL-36140,,,Hormones & analogues,Size: 10mg,69.99,,USD,in_stock,unknown,1,,,https://northlinelabs.org/product/adamax-premium-research-peptide/,Anonymous public browser-indexed product pages,2026-07-28T02:08:00.000Z,medium,The direct origin returned a SiteGround challenge to this research client. Anonymous public browser-indexed pages exposed the catalog and offer details; this snapshot may lag the origin. Binary in-stock only; no exact quantity or backorder policy was public. No gate was accepted.
northlinelabs.org,Kisspeptin-10,https://northlinelabs.org/product/kisspeptin-10-premium-research-peptide/,NL-34476,,,Hormones & analogues,Size: 10mg,99.99,,USD,in_stock,unknown,1,,,https://northlinelabs.org/product/kisspeptin-10-premium-research-peptide/,Anonymous public browser-indexed product pages,2026-07-28T02:08:00.000Z,medium,The direct origin returned a SiteGround challenge to this research client. Anonymous public browser-indexed pages exposed the catalog and offer details; this snapshot may lag the origin. Binary in-stock only; no exact quantity or backorder policy was public. No gate was accepted.
northlinelabs.org,Melanotan II,https://northlinelabs.org/product/melanotan-ii-premium-research-peptide/,NL-34092,,,Single peptide,Size: 10mg,69.99,,USD,in_stock,unknown,1,,,https://northlinelabs.org/product/melanotan-ii-premium-research-peptide/,Anonymous public browser-indexed product pages,2026-07-28T02:08:00.000Z,medium,The direct origin returned a SiteGround challenge to this research client. Anonymous public browser-indexed pages exposed the catalog and offer details; this snapshot may lag the origin. Binary in-stock only; no exact quantity or backorder policy was public. No gate was accepted.
northlinelabs.org,Thymosin Alpha-1,https://northlinelabs.org/product/thymosin-alpha-1-premium-research-peptide/,NL-34086,,,Single peptide,Size: 10mg,99.99,,USD,in_stock,unknown,1,,,https://northlinelabs.org/product/thymosin-alpha-1-premium-research-peptide/,Anonymous public browser-indexed product pages,2026-07-28T02:08:00.000Z,medium,The direct origin returned a SiteGround challenge to this research client. Anonymous public browser-indexed pages exposed the catalog and offer details; this snapshot may lag the origin. Binary in-stock only; no exact quantity or backorder policy was public. No gate was accepted.
northlinelabs.org,IGF-1LR3,https://northlinelabs.org/product/igf-1-premium-research-peptide/,NL-22389,,,Single peptide,Size: 0.1mg,34.99,,USD,in_stock,unknown,1,,,https://northlinelabs.org/product/igf-1-premium-research-peptide/,Anonymous public browser-indexed product pages,2026-07-28T02:08:00.000Z,medium,The direct origin returned a SiteGround challenge to this research client. Anonymous public browser-indexed pages exposed the catalog and offer details; this snapshot may lag the origin. Binary in-stock only; no exact quantity or backorder policy was public. No gate was accepted.
northlinelabs.org,IGF-1LR3,https://northlinelabs.org/product/igf-1-premium-research-peptide/,NL-22389,,,Single peptide,Size: 1mg,99.99,,USD,in_stock,unknown,1,,,https://northlinelabs.org/product/igf-1-premium-research-peptide/,Anonymous public browser-indexed product pages,2026-07-28T02:08:00.000Z,medium,The direct origin returned a SiteGround challenge to this research client. Anonymous public browser-indexed pages exposed the catalog and offer details; this snapshot may lag the origin. Binary in-stock only; no exact quantity or backorder policy was public. No gate was accepted.
northlinelabs.org,Glutathione,https://northlinelabs.org/product/glutathione-premium-research-peptide/,NL-22379,,,Single peptide,Size: 600mg,79.99,,USD,in_stock,unknown,1,,,https://northlinelabs.org/product/glutathione-premium-research-peptide/,Anonymous public browser-indexed product pages,2026-07-28T02:08:00.000Z,medium,The direct origin returned a SiteGround challenge to this research client. Anonymous public browser-indexed pages exposed the catalog and offer details; this snapshot may lag the origin. Binary in-stock only; no exact quantity or backorder policy was public. No gate was accepted.
northlinelabs.org,Glutathione,https://northlinelabs.org/product/glutathione-premium-research-peptide/,NL-22379,,,Single peptide,Size: 1500mg,109.99,,USD,in_stock,unknown,1,,,https://northlinelabs.org/product/glutathione-premium-research-peptide/,Anonymous public browser-indexed product pages,2026-07-28T02:08:00.000Z,medium,The direct origin returned a SiteGround challenge to this research client. Anonymous public browser-indexed pages exposed the catalog and offer details; this snapshot may lag the origin. Binary in-stock only; no exact quantity or backorder policy was public. No gate was accepted.
northlinelabs.org,MOTS-C,https://northlinelabs.org/product/mots-c-premium-research-peptide/,NL-22434,,,Single peptide,Size: 10mg,84.99,,USD,in_stock,unknown,1,,,https://northlinelabs.org/product/mots-c-premium-research-peptide/,Anonymous public browser-indexed product pages,2026-07-28T02:08:00.000Z,medium,The direct origin returned a SiteGround challenge to this research client. Anonymous public browser-indexed pages exposed the catalog and offer details; this snapshot may lag the origin. Binary in-stock only; no exact quantity or backorder policy was public. No gate was accepted.
northlinelabs.org,MOTS-C,https://northlinelabs.org/product/mots-c-premium-research-peptide/,NL-22434,,,Single peptide,Size: 40mg,129.99,,USD,in_stock,unknown,1,,,https://northlinelabs.org/product/mots-c-premium-research-peptide/,Anonymous public browser-indexed product pages,2026-07-28T02:08:00.000Z,medium,The direct origin returned a SiteGround challenge to this research client. Anonymous public browser-indexed pages exposed the catalog and offer details; this snapshot may lag the origin. Binary in-stock only; no exact quantity or backorder policy was public. No gate was accepted.
northlinelabs.org,SLU-PP-332,https://northlinelabs.org/product/slu-pp-332-premium-research-peptide/,NL-22440,,,Single peptide,Size: 10mg,100.99,,USD,in_stock,unknown,1,,,https://northlinelabs.org/product/slu-pp-332-premium-research-peptide/,Anonymous public browser-indexed product pages,2026-07-28T02:08:00.000Z,medium,The direct origin returned a SiteGround challenge to this research client. Anonymous public browser-indexed pages exposed the catalog and offer details; this snapshot may lag the origin. Binary in-stock only; no exact quantity or backorder policy was public. No gate was accepted.
northlinelabs.org,Tirz GLP-2,https://northlinelabs.org/product/tirzep-glp-2-gip-glp-1-receptor-agonist/,NL-22367,,,Hormones & analogues,Size: 10mg,69.99,,USD,in_stock,unknown,1,,,https://northlinelabs.org/product/tirzep-glp-2-gip-glp-1-receptor-agonist/,Anonymous public browser-indexed product pages,2026-07-28T02:08:00.000Z,medium,The direct origin returned a SiteGround challenge to this research client. Anonymous public browser-indexed pages exposed the catalog and offer details; this snapshot may lag the origin. Binary in-stock only; no exact quantity or backorder policy was public. No gate was accepted.
northlinelabs.org,Tirz GLP-2,https://northlinelabs.org/product/tirzep-glp-2-gip-glp-1-receptor-agonist/,NL-22367,,,Hormones & analogues,Size: 20mg,119.99,,USD,in_stock,unknown,1,,,https://northlinelabs.org/product/tirzep-glp-2-gip-glp-1-receptor-agonist/,Anonymous public browser-indexed product pages,2026-07-28T02:08:00.000Z,medium,The direct origin returned a SiteGround challenge to this research client. Anonymous public browser-indexed pages exposed the catalog and offer details; this snapshot may lag the origin. Binary in-stock only; no exact quantity or backorder policy was public. No gate was accepted.
northlinelabs.org,Tirz GLP-2,https://northlinelabs.org/product/tirzep-glp-2-gip-glp-1-receptor-agonist/,NL-22367,,,Hormones & analogues,Size: 30mg,174.99,,USD,in_stock,unknown,1,,,https://northlinelabs.org/product/tirzep-glp-2-gip-glp-1-receptor-agonist/,Anonymous public browser-indexed product pages,2026-07-28T02:08:00.000Z,medium,The direct origin returned a SiteGround challenge to this research client. Anonymous public browser-indexed pages exposed the catalog and offer details; this snapshot may lag the origin. Binary in-stock only; no exact quantity or backorder policy was public. No gate was accepted.
northlinelabs.org,Tirz GLP-2,https://northlinelabs.org/product/tirzep-glp-2-gip-glp-1-receptor-agonist/,NL-22367,,,Hormones & analogues,Size: 60mg,299.99,,USD,in_stock,unknown,1,,,https://northlinelabs.org/product/tirzep-glp-2-gip-glp-1-receptor-agonist/,Anonymous public browser-indexed product pages,2026-07-28T02:08:00.000Z,medium,The direct origin returned a SiteGround challenge to this research client. Anonymous public browser-indexed pages exposed the catalog and offer details; this snapshot may lag the origin. Binary in-stock only; no exact quantity or backorder policy was public. No gate was accepted.
northlinelabs.org,Tirz GLP-2,https://northlinelabs.org/product/tirzep-glp-2-gip-glp-1-receptor-agonist/,NL-22367,,,Hormones & analogues,Size: 100mg,399.99,,USD,in_stock,unknown,1,,,https://northlinelabs.org/product/tirzep-glp-2-gip-glp-1-receptor-agonist/,Anonymous public browser-indexed product pages,2026-07-28T02:08:00.000Z,medium,The direct origin returned a SiteGround challenge to this research client. Anonymous public browser-indexed pages exposed the catalog and offer details; this snapshot may lag the origin. Binary in-stock only; no exact quantity or backorder policy was public. No gate was accepted.
northlinelabs.org,Tirz GLP-2,https://northlinelabs.org/product/tirzep-glp-2-gip-glp-1-receptor-agonist/,NL-22367,,,Hormones & analogues,Size: 120mg,439.99,,USD,in_stock,unknown,1,,,https://northlinelabs.org/product/tirzep-glp-2-gip-glp-1-receptor-agonist/,Anonymous public browser-indexed product pages,2026-07-28T02:08:00.000Z,medium,The direct origin returned a SiteGround challenge to this research client. Anonymous public browser-indexed pages exposed the catalog and offer details; this snapshot may lag the origin. Binary in-stock only; no exact quantity or backorder policy was public. No gate was accepted.
northlinelabs.org,CJC-IPAMORELIN Blend,https://northlinelabs.org/product/cjc-ipamorelin-blend-premium-research-peptide-set/,NL-22387,,,Blend,Size: 10mg,99.99,,USD,in_stock,unknown,1,,,https://northlinelabs.org/product/cjc-ipamorelin-blend-premium-research-peptide-set/,Anonymous public browser-indexed product pages,2026-07-28T02:08:00.000Z,medium,The direct origin returned a SiteGround challenge to this research client. Anonymous public browser-indexed pages exposed the catalog and offer details; this snapshot may lag the origin. Binary in-stock only; no exact quantity or backorder policy was public. No gate was accepted.
northlinelabs.org,CJC-IPAMORELIN Blend,https://northlinelabs.org/product/cjc-ipamorelin-blend-premium-research-peptide-set/,NL-22387,,,Blend,Size: 20mg,159.99,,USD,in_stock,unknown,1,,,https://northlinelabs.org/product/cjc-ipamorelin-blend-premium-research-peptide-set/,Anonymous public browser-indexed product pages,2026-07-28T02:08:00.000Z,medium,The direct origin returned a SiteGround challenge to this research client. Anonymous public browser-indexed pages exposed the catalog and offer details; this snapshot may lag the origin. Binary in-stock only; no exact quantity or backorder policy was public. No gate was accepted.
northlinelabs.org,GHK-Cu,https://northlinelabs.org/product/ghk-cu-premium-research-peptide/,NL-22382,,,Single peptide,Size: 100mg,99.99,,USD,in_stock,unknown,1,,,https://northlinelabs.org/product/ghk-cu-premium-research-peptide/,Anonymous public browser-indexed product pages,2026-07-28T02:08:00.000Z,medium,The direct origin returned a SiteGround challenge to this research client. Anonymous public browser-indexed pages exposed the catalog and offer details; this snapshot may lag the origin. Binary in-stock only; no exact quantity or backorder policy was public. No gate was accepted.
northlinelabs.org,Selank,https://northlinelabs.org/product/selank-premium-research-peptide/,NL-22437,,,Single peptide,Size: 10mg,89.99,,USD,in_stock,unknown,1,,,https://northlinelabs.org/product/selank-premium-research-peptide/,Anonymous public browser-indexed product pages,2026-07-28T02:08:00.000Z,medium,The direct origin returned a SiteGround challenge to this research client. Anonymous public browser-indexed pages exposed the catalog and offer details; this snapshot may lag the origin. Binary in-stock only; no exact quantity or backorder policy was public. No gate was accepted.
northlinelabs.org,BPC-157,https://northlinelabs.org/product/bpc-157-premium-research-peptide/,NL-22384,,,Single peptide,Size: 10mg,87.99,,USD,in_stock,unknown,1,,,https://northlinelabs.org/product/bpc-157-premium-research-peptide/,Anonymous public browser-indexed product pages,2026-07-28T02:08:00.000Z,medium,The direct origin returned a SiteGround challenge to this research client. Anonymous public browser-indexed pages exposed the catalog and offer details; this snapshot may lag the origin. Binary in-stock only; no exact quantity or backorder policy was public. No gate was accepted.
northlinelabs.org,BPC-157,https://northlinelabs.org/product/bpc-157-premium-research-peptide/,NL-22384,,,Single peptide,Size: 20mg,104.99,,USD,in_stock,unknown,1,,,https://northlinelabs.org/product/bpc-157-premium-research-peptide/,Anonymous public browser-indexed product pages,2026-07-28T02:08:00.000Z,medium,The direct origin returned a SiteGround challenge to this research client. Anonymous public browser-indexed pages exposed the catalog and offer details; this snapshot may lag the origin. Binary in-stock only; no exact quantity or backorder policy was public. No gate was accepted.
northlinelabs.org,Epitalon,https://northlinelabs.org/product/epitalon-premium-research-peptide/,NL-22378,,,Single peptide,Size: 100mg,87.99,,USD,in_stock,unknown,1,,,https://northlinelabs.org/product/epitalon-premium-research-peptide/,Anonymous public browser-indexed product pages,2026-07-28T02:08:00.000Z,medium,The direct origin returned a SiteGround challenge to this research client. Anonymous public browser-indexed pages exposed the catalog and offer details; this snapshot may lag the origin. Binary in-stock only; no exact quantity or backorder policy was public. No gate was accepted.
northlinelabs.org,LIPO-C,https://northlinelabs.org/product/lipo-c-premium-research-peptide/,NL-22439,,,Single peptide,Size: 100mg,79.99,,USD,in_stock,unknown,1,,,https://northlinelabs.org/product/lipo-c-premium-research-peptide/,Anonymous public browser-indexed product pages,2026-07-28T02:08:00.000Z,medium,The direct origin returned a SiteGround challenge to this research client. Anonymous public browser-indexed pages exposed the catalog and offer details; this snapshot may lag the origin. Binary in-stock only; no exact quantity or backorder policy was public. No gate was accepted.
northlinelabs.org,BPC-157/TB-500,https://northlinelabs.org/product/bpc-157-tb-500-premium-research-peptide-set/,NL-22385,,,Blend,Size: 20mg,109.99,,USD,in_stock,unknown,1,,,https://northlinelabs.org/product/bpc-157-tb-500-premium-research-peptide-set/,Anonymous public browser-indexed product pages,2026-07-28T02:08:00.000Z,medium,The direct origin returned a SiteGround challenge to this research client. Anonymous public browser-indexed pages exposed the catalog and offer details; this snapshot may lag the origin. Binary in-stock only; no exact quantity or backorder policy was public. No gate was accepted.
northlinelabs.org,HCG 5000,https://northlinelabs.org/product/human-chorionic-gonadotropin/,NL-22372,,,Hormones & analogues,Size: 5000 IU,87.99,,USD,in_stock,unknown,1,,,https://northlinelabs.org/product/human-chorionic-gonadotropin/,Anonymous public browser-indexed product pages,2026-07-28T02:08:00.000Z,medium,The direct origin returned a SiteGround challenge to this research client. Anonymous public browser-indexed pages exposed the catalog and offer details; this snapshot may lag the origin. Binary in-stock only; no exact quantity or backorder policy was public. No gate was accepted.
northlinelabs.org,Follistatin,https://northlinelabs.org/product/follistatin-premium-research-peptide/,NL-22381,,,Hormones & analogues,Size: 1mg,138.99,,USD,in_stock,unknown,1,,,https://northlinelabs.org/product/follistatin-premium-research-peptide/,Anonymous public browser-indexed product pages,2026-07-28T02:08:00.000Z,medium,The direct origin returned a SiteGround challenge to this research client. Anonymous public browser-indexed pages exposed the catalog and offer details; this snapshot may lag the origin. Binary in-stock only; no exact quantity or backorder policy was public. No gate was accepted.
northlinelabs.org,Semax,https://northlinelabs.org/product/semax-premium-research-peptide/,NL-22438,,,Single peptide,Size: 10mg,89.99,,USD,in_stock,unknown,1,,,https://northlinelabs.org/product/semax-premium-research-peptide/,Anonymous public browser-indexed product pages,2026-07-28T02:08:00.000Z,medium,The direct origin returned a SiteGround challenge to this research client. Anonymous public browser-indexed pages exposed the catalog and offer details; this snapshot may lag the origin. Binary in-stock only; no exact quantity or backorder policy was public. No gate was accepted.
northlinelabs.org,Semax,https://northlinelabs.org/product/semax-premium-research-peptide/,NL-22438,,,Single peptide,Size: 30mg,119.99,,USD,in_stock,unknown,1,,,https://northlinelabs.org/product/semax-premium-research-peptide/,Anonymous public browser-indexed product pages,2026-07-28T02:08:00.000Z,medium,The direct origin returned a SiteGround challenge to this research client. Anonymous public browser-indexed pages exposed the catalog and offer details; this snapshot may lag the origin. Binary in-stock only; no exact quantity or backorder policy was public. No gate was accepted.
northlinelabs.org,CJC-1295 with DAC,https://northlinelabs.org/product/cjc-1295-with-dac/,NL-41617,,,Single peptide,Size: 5mg,99.99,,USD,in_stock,unknown,1,,,https://northlinelabs.org/product/cjc-1295-with-dac/,Anonymous public browser-indexed product pages,2026-07-28T02:08:00.000Z,medium,The direct origin returned a SiteGround challenge to this research client. Anonymous public browser-indexed pages exposed the catalog and offer details; this snapshot may lag the origin. Binary in-stock only; no exact quantity or backorder policy was public. No gate was accepted.
northlinelabs.org,L-Carnitine,https://northlinelabs.org/product/l-carnitine/,NL-41615,,,Single peptide,Size: 600mg,59.99,,USD,in_stock,unknown,1,,,https://northlinelabs.org/product/l-carnitine/,Anonymous public browser-indexed product pages,2026-07-28T02:08:00.000Z,medium,The direct origin returned a SiteGround challenge to this research client. Anonymous public browser-indexed pages exposed the catalog and offer details; this snapshot may lag the origin. Binary in-stock only; no exact quantity or backorder policy was public. No gate was accepted.
northlinelabs.org,Tesamorelin/Ipamorelin Blend,https://northlinelabs.org/product/tesamorelin-ipamorelin-blend/,NL-26570,,,Blend,Size: 15mg,109.99,,USD,in_stock,unknown,1,,,https://northlinelabs.org/product/tesamorelin-ipamorelin-blend/,Anonymous public browser-indexed product pages,2026-07-28T02:08:00.000Z,medium,The direct origin returned a SiteGround challenge to this research client. Anonymous public browser-indexed pages exposed the catalog and offer details; this snapshot may lag the origin. Binary in-stock only; no exact quantity or backorder policy was public. No gate was accepted.
northlinelabs.org,Thymalin,https://northlinelabs.org/product/thymalin/,NL-38279,,,Single peptide,Size: 10mg,69.99,,USD,in_stock,unknown,1,,,https://northlinelabs.org/product/thymalin/,Anonymous public browser-indexed product pages,2026-07-28T02:08:00.000Z,medium,The direct origin returned a SiteGround challenge to this research client. Anonymous public browser-indexed pages exposed the catalog and offer details; this snapshot may lag the origin. Binary in-stock only; no exact quantity or backorder policy was public. No gate was accepted.
northlinelabs.org,PT-141,https://northlinelabs.org/product/pt-141/,NL-26571,,,Single peptide,Size: 10mg,89.99,,USD,in_stock,unknown,1,,,https://northlinelabs.org/product/pt-141/,Anonymous public browser-indexed product pages,2026-07-28T02:08:00.000Z,medium,The direct origin returned a SiteGround challenge to this research client. Anonymous public browser-indexed pages exposed the catalog and offer details; this snapshot may lag the origin. Binary in-stock only; no exact quantity or backorder policy was public. No gate was accepted.
northlinelabs.org,Dihexa,https://northlinelabs.org/product/dihexa-premium-research-peptide/,NL-49635,,,Single peptide,Size: 10mg,79.99,,USD,in_stock,unknown,1,,,https://northlinelabs.org/product/dihexa-premium-research-peptide/,Anonymous public browser-indexed product pages,2026-07-28T02:08:00.000Z,medium,The direct origin returned a SiteGround challenge to this research client. Anonymous public browser-indexed pages exposed the catalog and offer details; this snapshot may lag the origin. Binary in-stock only; no exact quantity or backorder policy was public. No gate was accepted.
northlinelabs.org,SS-31,https://northlinelabs.org/product/ss-31-premium-research-peptide/,NL-44870,,,Single peptide,Size: 10mg,59.99,,USD,in_stock,unknown,1,,,https://northlinelabs.org/product/ss-31-premium-research-peptide/,Anonymous public browser-indexed product pages,2026-07-28T02:08:00.000Z,medium,The direct origin returned a SiteGround challenge to this research client. Anonymous public browser-indexed pages exposed the catalog and offer details; this snapshot may lag the origin. Binary in-stock only; no exact quantity or backorder policy was public. No gate was accepted.
northlinelabs.org,SS-31,https://northlinelabs.org/product/ss-31-premium-research-peptide/,NL-44870,,,Single peptide,Size: 50mg,159.99,,USD,in_stock,unknown,1,,,https://northlinelabs.org/product/ss-31-premium-research-peptide/,Anonymous public browser-indexed product pages,2026-07-28T02:08:00.000Z,medium,The direct origin returned a SiteGround challenge to this research client. Anonymous public browser-indexed pages exposed the catalog and offer details; this snapshot may lag the origin. Binary in-stock only; no exact quantity or backorder policy was public. No gate was accepted.
northlinelabs.org,Semax/Selank Blend,https://northlinelabs.org/product/semax-selank-blend-premium-research-peptide/,NL-43812,,,Blend,Size: 10mg,99.99,,USD,in_stock,unknown,1,,,https://northlinelabs.org/product/semax-selank-blend-premium-research-peptide/,Anonymous public browser-indexed product pages,2026-07-28T02:08:00.000Z,medium,The direct origin returned a SiteGround challenge to this research client. Anonymous public browser-indexed pages exposed the catalog and offer details; this snapshot may lag the origin. Binary in-stock only; no exact quantity or backorder policy was public. No gate was accepted.
northlinelabs.org,Bacteriostatic Water (USP Grade),https://northlinelabs.org/product/bacteriostatic-water-usp-grade/,NL-22374,,,Supplies,Size: 3ml,19.99,,USD,in_stock,unknown,1,,,https://northlinelabs.org/product/bacteriostatic-water-usp-grade/,Anonymous public browser-indexed product pages,2026-07-28T02:08:00.000Z,medium,The direct origin returned a SiteGround challenge to this research client. Anonymous public browser-indexed pages exposed the catalog and offer details; this snapshot may lag the origin. Binary in-stock only; no exact quantity or backorder policy was public. No gate was accepted.
northlinelabs.org,Bacteriostatic Water (USP Grade),https://northlinelabs.org/product/bacteriostatic-water-usp-grade/,NL-22374,,,Supplies,Size: 10ml,34.99,,USD,in_stock,unknown,1,,,https://northlinelabs.org/product/bacteriostatic-water-usp-grade/,Anonymous public browser-indexed product pages,2026-07-28T02:08:00.000Z,medium,The direct origin returned a SiteGround challenge to this research client. Anonymous public browser-indexed pages exposed the catalog and offer details; this snapshot may lag the origin. Binary in-stock only; no exact quantity or backorder policy was public. No gate was accepted.
northlinelabs.org,Bacteriostatic Water (USP Grade),https://northlinelabs.org/product/bacteriostatic-water-usp-grade/,NL-22374,,,Supplies,Size: 30ml,63.99,,USD,in_stock,unknown,1,,,https://northlinelabs.org/product/bacteriostatic-water-usp-grade/,Anonymous public browser-indexed product pages,2026-07-28T02:08:00.000Z,medium,The direct origin returned a SiteGround challenge to this research client. Anonymous public browser-indexed pages exposed the catalog and offer details; this snapshot may lag the origin. Binary in-stock only; no exact quantity or backorder policy was public. No gate was accepted.
biologixlabsresearch.com,AUTO-DRAFT,https://biologixlabsresearch.com/?post_type=product&p=3131&attribute_pa_amount=5mg,3131,3135,,,Amount: 5mg,0,0,USD,in_stock,no,1,9999,,https://biologixlabsresearch.com/wp-json/wc/store/v1/products?per_page=100&page=1&type=variation,woocommerce_store_api_orphan_variation,2026-07-28T01:58:14.057Z,medium,"WooCommerce exposes 9999 as the purchase maximum; treat it as a storefront sentinel, not physical inventory. | Stock is public as available, but no exact quantity is exposed. | Category inherited from the public parent product record. | This variation is publicly exposed by the fully paginated WooCommerce variation feed, but its parent is absent from the current public parent-product feed. It may be stale or orphaned and is excluded from product counts."
biologixlabsresearch.com,AUTO-DRAFT,https://biologixlabsresearch.com/?post_type=product&p=3131&attribute_pa_amount=20mg,3131,3134,,,Amount: 20mg,0,0,USD,in_stock,no,1,9999,,https://biologixlabsresearch.com/wp-json/wc/store/v1/products?per_page=100&page=1&type=variation,woocommerce_store_api_orphan_variation,2026-07-28T01:58:14.057Z,medium,"WooCommerce exposes 9999 as the purchase maximum; treat it as a storefront sentinel, not physical inventory. | Stock is public as available, but no exact quantity is exposed. | Category inherited from the public parent product record. | This variation is publicly exposed by the fully paginated WooCommerce variation feed, but its parent is absent from the current public parent-product feed. It may be stale or orphaned and is excluded from product counts."
biologixlabsresearch.com,AUTO-DRAFT,https://biologixlabsresearch.com/?post_type=product&p=3131&attribute_pa_amount=15mg,3131,3133,,,Amount: 15mg,0,0,USD,in_stock,no,1,9999,,https://biologixlabsresearch.com/wp-json/wc/store/v1/products?per_page=100&page=1&type=variation,woocommerce_store_api_orphan_variation,2026-07-28T01:58:14.057Z,medium,"WooCommerce exposes 9999 as the purchase maximum; treat it as a storefront sentinel, not physical inventory. | Stock is public as available, but no exact quantity is exposed. | Category inherited from the public parent product record. | This variation is publicly exposed by the fully paginated WooCommerce variation feed, but its parent is absent from the current public parent-product feed. It may be stale or orphaned and is excluded from product counts."
biologixlabsresearch.com,AUTO-DRAFT,https://biologixlabsresearch.com/?post_type=product&p=3131&attribute_pa_amount=10mg,3131,3132,,,Amount: 10mg,0,0,USD,in_stock,no,1,9999,,https://biologixlabsresearch.com/wp-json/wc/store/v1/products?per_page=100&page=1&type=variation,woocommerce_store_api_orphan_variation,2026-07-28T01:58:14.057Z,medium,"WooCommerce exposes 9999 as the purchase maximum; treat it as a storefront sentinel, not physical inventory. | Stock is public as available, but no exact quantity is exposed. | Category inherited from the public parent product record. | This variation is publicly exposed by the fully paginated WooCommerce variation feed, but its parent is absent from the current public parent-product feed. It may be stale or orphaned and is excluded from product counts."
biologixlabsresearch.com,BPC-157 + TB-500,https://biologixlabsresearch.com/product/bpc-157-tb500/?attribute_variant=500mcg%2F500mcg+x+100+Tablets,33,1603,9131970887848,All Products | Popular Products | Shop Peptides,Variant: 500mcg/500mcg x 100 Tablets,179.99,209.99,USD,in_stock,no,1,2,2,https://biologixlabsresearch.com/wp-json/wc/store/v1/products?per_page=100&page=1&type=variation,WooCommerce Store API,2026-07-28T01:58:14.057Z,high,Category inherited from the public parent product record.
biologixlabsresearch.com,KPV,https://biologixlabsresearch.com/product/kpv/?attribute_variant=500mcg+x+100+Tablets,78,1592,,All Products | Shop Peptides,Variant: 500mcg x 100 Tablets,119.99,139.99,USD,in_stock,no,1,1,1,https://biologixlabsresearch.com/wp-json/wc/store/v1/products?per_page=100&page=1&type=variation,WooCommerce Store API,2026-07-28T01:58:14.057Z,high,Category inherited from the public parent product record.
biologixlabsresearch.com,GLP-2T,https://biologixlabsresearch.com/product/tirzepatide/?attribute_amount=5mg,146,1570,9182376689832,All Products | Shop Peptides,Amount: 5mg,0,0,USD,in_stock,no,1,9999,,https://biologixlabsresearch.com/wp-json/wc/store/v1/products?per_page=100&page=1&type=variation,WooCommerce Store API,2026-07-28T01:58:14.057Z,high,"WooCommerce exposes 9999 as the purchase maximum; treat it as a storefront sentinel, not physical inventory. | Stock is public as available, but no exact quantity is exposed. | Category inherited from the public parent product record."
biologixlabsresearch.com,GLP-1S,https://biologixlabsresearch.com/product/semaglutide/?attribute_amount=5mg,107,1569,9182383407272,All Products | Shop Peptides,Amount: 5mg,0,0,USD,out_of_stock,no,1,9999,,https://biologixlabsresearch.com/wp-json/wc/store/v1/products?per_page=100&page=1&type=variation,WooCommerce Store API,2026-07-28T01:58:14.057Z,high,"WooCommerce exposes 9999 as the purchase maximum; treat it as a storefront sentinel, not physical inventory. | Category inherited from the public parent product record."
biologixlabsresearch.com,GLP-1S,https://biologixlabsresearch.com/product/semaglutide/?attribute_amount=10mg,107,1568,9182383407272,All Products | Shop Peptides,Amount: 10mg,0,0,USD,out_of_stock,no,1,9999,,https://biologixlabsresearch.com/wp-json/wc/store/v1/products?per_page=100&page=1&type=variation,WooCommerce Store API,2026-07-28T01:58:14.057Z,high,"WooCommerce exposes 9999 as the purchase maximum; treat it as a storefront sentinel, not physical inventory. | Category inherited from the public parent product record."
biologixlabsresearch.com,5-Amino-1MQ,https://biologixlabsresearch.com/product/5-amino-1mq-1/?attribute_variant=50mg+x+25+Tablets,19,1485,9130940006568,All Products | Shop Peptides,Variant: 50mg x 25 Tablets,39.99,49.99,USD,out_of_stock,no,1,9999,,https://biologixlabsresearch.com/wp-json/wc/store/v1/products?per_page=100&page=1&type=variation,WooCommerce Store API,2026-07-28T01:58:14.057Z,high,"WooCommerce exposes 9999 as the purchase maximum; treat it as a storefront sentinel, not physical inventory. | Category inherited from the public parent product record."
biologixlabsresearch.com,5-Amino-1MQ,https://biologixlabsresearch.com/product/5-amino-1mq-1/?attribute_variant=50mg,19,1484,9130940006568,All Products | Shop Peptides,Variant: 50mg,67.99,84.99,USD,in_stock,no,1,15,15,https://biologixlabsresearch.com/wp-json/wc/store/v1/products?per_page=100&page=1&type=variation,WooCommerce Store API,2026-07-28T01:58:14.057Z,high,Category inherited from the public parent product record.
biologixlabsresearch.com,SLU-PP-332,https://biologixlabsresearch.com/product/slu-pp-333/?attribute_variant=250mcg+Tablets,119,1483,9130935845032,All Products | Shop Peptides,Variant: 250mcg Tablets,99.99,119.99,USD,in_stock,no,1,19,19,https://biologixlabsresearch.com/wp-json/wc/store/v1/products?per_page=100&page=1&type=variation,WooCommerce Store API,2026-07-28T01:58:14.057Z,high,Category inherited from the public parent product record.
biologixlabsresearch.com,SLU-PP-332,https://biologixlabsresearch.com/product/slu-pp-333/?attribute_variant=500mcg+Tablets,119,1482,9130935845032,All Products | Shop Peptides,Variant: 500mcg Tablets,149.99,179.99,USD,in_stock,no,1,9,9,https://biologixlabsresearch.com/wp-json/wc/store/v1/products?per_page=100&page=1&type=variation,WooCommerce Store API,2026-07-28T01:58:14.057Z,high,Category inherited from the public parent product record.
biologixlabsresearch.com,SLU-PP-332,https://biologixlabsresearch.com/product/slu-pp-333/?attribute_variant=1000mcg+Tablets,119,1481,9130935845032,All Products | Shop Peptides,Variant: 1000mcg Tablets,199.99,239.99,USD,in_stock,no,1,5,5,https://biologixlabsresearch.com/wp-json/wc/store/v1/products?per_page=100&page=1&type=variation,WooCommerce Store API,2026-07-28T01:58:14.057Z,high,Category inherited from the public parent product record.
biologixlabsresearch.com,SLU-PP-332,https://biologixlabsresearch.com/product/slu-pp-332/?attribute_amount=250mcg+x+100+Tablets,123,1477,9258389569704,Shop Orals,Amount: 250mcg x 100 Tablets,149.99,179.99,USD,in_stock,no,1,9999,,https://biologixlabsresearch.com/wp-json/wc/store/v1/products?per_page=100&page=1&type=variation,WooCommerce Store API,2026-07-28T01:58:14.057Z,high,"WooCommerce exposes 9999 as the purchase maximum; treat it as a storefront sentinel, not physical inventory. | Stock is public as available, but no exact quantity is exposed. | Category inherited from the public parent product record."
biologixlabsresearch.com,MOTS-c,https://biologixlabsresearch.com/product/mots-c/?attribute_amount=40mg,85,1476,,All Products | Shop Peptides,Amount: 40mg,85.99,104.99,USD,out_of_stock,no,1,9999,,https://biologixlabsresearch.com/wp-json/wc/store/v1/products?per_page=100&page=1&type=variation,WooCommerce Store API,2026-07-28T01:58:14.057Z,high,"WooCommerce exposes 9999 as the purchase maximum; treat it as a storefront sentinel, not physical inventory. | Category inherited from the public parent product record."
biologixlabsresearch.com,MOTS-c,https://biologixlabsresearch.com/product/mots-c/?attribute_amount=10mg,85,1475,,All Products | Shop Peptides,Amount: 10mg,33.99,42.99,USD,in_stock,no,1,13,13,https://biologixlabsresearch.com/wp-json/wc/store/v1/products?per_page=100&page=1&type=variation,WooCommerce Store API,2026-07-28T01:58:14.057Z,high,Category inherited from the public parent product record.
biologixlabsresearch.com,HCG,https://biologixlabsresearch.com/product/hcg/?attribute_amount=10000+IU,66,1474,,All Products | Popular Products | Shop Peptides,Amount: 10000 IU,64.99,79.99,USD,in_stock,no,1,42,42,https://biologixlabsresearch.com/wp-json/wc/store/v1/products?per_page=100&page=1&type=variation,WooCommerce Store API,2026-07-28T01:58:14.057Z,high,Category inherited from the public parent product record.
biologixlabsresearch.com,HCG,https://biologixlabsresearch.com/product/hcg/?attribute_amount=5000+IU,66,1473,,All Products | Popular Products | Shop Peptides,Amount: 5000 IU,37.99,47.99,USD,in_stock,no,1,35,35,https://biologixlabsresearch.com/wp-json/wc/store/v1/products?per_page=100&page=1&type=variation,WooCommerce Store API,2026-07-28T01:58:14.057Z,high,Category inherited from the public parent product record.
biologixlabsresearch.com,Tesamorelin,https://biologixlabsresearch.com/product/tesamorelin/?attribute_amount=20mg,141,1471,9182374232232,All Products | Popular Products | Shop Peptides,Amount: 20mg,109.99,129.99,USD,in_stock,no,1,15,15,https://biologixlabsresearch.com/wp-json/wc/store/v1/products?per_page=100&page=1&type=variation,WooCommerce Store API,2026-07-28T01:58:14.057Z,high,Category inherited from the public parent product record.
biologixlabsresearch.com,CJC-1259 (DAC),https://biologixlabsresearch.com/product/cjc-1259-with-dac/?attribute_amount=10mg,41,1469,9130782163112,All Products | Shop Peptides,Amount: 10mg,79.99,89.99,USD,in_stock,no,1,43,43,https://biologixlabsresearch.com/wp-json/wc/store/v1/products?per_page=100&page=1&type=variation,WooCommerce Store API,2026-07-28T01:58:14.057Z,high,Category inherited from the public parent product record.
biologixlabsresearch.com,HGH (Somatropin),https://biologixlabsresearch.com/product/gh-199aa-somatropin-10iu/?attribute_quantity=360+IU+%2836+IU+x+10+Vials%29,69,1466,,All Products | Popular Products | Shop Peptides,Quantity: 360 IU (36 IU x 10 Vials),349.99,449.99,USD,in_stock,no,1,9999,15,https://biologixlabsresearch.com/wp-json/wc/store/v1/products?per_page=100&page=1&type=variation,WooCommerce Store API,2026-07-28T01:58:14.057Z,high,"WooCommerce exposes 9999 as the purchase maximum; treat it as a storefront sentinel, not physical inventory. | Category inherited from the public parent product record."
biologixlabsresearch.com,HGH (Somatropin),https://biologixlabsresearch.com/product/gh-199aa-somatropin-10iu/?attribute_quantity=240+IU+%2824+IU+x+10+Vials%29,69,1465,,All Products | Popular Products | Shop Peptides,Quantity: 240 IU (24 IU x 10 Vials),249.99,319.99,USD,in_stock,no,1,9999,17,https://biologixlabsresearch.com/wp-json/wc/store/v1/products?per_page=100&page=1&type=variation,WooCommerce Store API,2026-07-28T01:58:14.057Z,high,"WooCommerce exposes 9999 as the purchase maximum; treat it as a storefront sentinel, not physical inventory. | Category inherited from the public parent product record."
biologixlabsresearch.com,HGH (Somatropin),https://biologixlabsresearch.com/product/gh-199aa-somatropin-10iu/?attribute_quantity=100+IU+%2810+IU+x+10+Vials%29,69,1464,,All Products | Popular Products | Shop Peptides,Quantity: 100 IU (10 IU x 10 Vials),149.99,189.99,USD,in_stock,no,1,9999,8,https://biologixlabsresearch.com/wp-json/wc/store/v1/products?per_page=100&page=1&type=variation,WooCommerce Store API,2026-07-28T01:58:14.057Z,high,"WooCommerce exposes 9999 as the purchase maximum; treat it as a storefront sentinel, not physical inventory. | Category inherited from the public parent product record."
biologixlabsresearch.com,Selank,https://biologixlabsresearch.com/product/selank/,103,1461,9130897572008,All Products | Popular Products | Shop Peptides,Amount: 5mg / 10mg / 30mg,69.99,89.99,USD,in_stock,no,1,9,9,https://biologixlabsresearch.com/wp-json/wc/store/v1/products?per_page=100&page=1&type=variation,WooCommerce Store API,2026-07-28T01:58:14.057Z,high,Category inherited from the public parent product record.
biologixlabsresearch.com,Semax,https://biologixlabsresearch.com/product/semax/?attribute_amount=30mg,110,1460,9130905960616,All Products | Popular Products | Shop Peptides,Amount: 30mg,69.99,89.99,USD,in_stock,no,1,8,8,https://biologixlabsresearch.com/wp-json/wc/store/v1/products?per_page=100&page=1&type=variation,WooCommerce Store API,2026-07-28T01:58:14.057Z,high,Category inherited from the public parent product record.
biologixlabsresearch.com,KPV,https://biologixlabsresearch.com/product/kpv/?attribute_variant=10mg,78,1459,,All Products | Shop Peptides,Variant: 10mg,42.99,54.99,USD,in_stock,no,1,26,26,https://biologixlabsresearch.com/wp-json/wc/store/v1/products?per_page=100&page=1&type=variation,WooCommerce Store API,2026-07-28T01:58:14.057Z,high,Category inherited from the public parent product record.
biologixlabsresearch.com,KPV,https://biologixlabsresearch.com/product/kpv/?attribute_variant=5mg,78,1458,,All Products | Shop Peptides,Variant: 5mg,29.99,34.99,USD,in_stock,no,1,49,49,https://biologixlabsresearch.com/wp-json/wc/store/v1/products?per_page=100&page=1&type=variation,WooCommerce Store API,2026-07-28T01:58:14.057Z,high,Category inherited from the public parent product record.
biologixlabsresearch.com,GLP-3R,https://biologixlabsresearch.com/product/retatrutide/?attribute_amount=30mg,97,1193,9182378229928,All Products | Popular Products | Shop Peptides,Amount: 30mg,164.99,189.99,USD,in_stock,no,1,9999,21,https://biologixlabsresearch.com/wp-json/wc/store/v1/products?per_page=100&page=1&type=variation,WooCommerce Store API,2026-07-28T01:58:14.057Z,high,"WooCommerce exposes 9999 as the purchase maximum; treat it as a storefront sentinel, not physical inventory. | Category inherited from the public parent product record."
biologixlabsresearch.com,VIP,https://biologixlabsresearch.com/product/vip/?attribute_concentration=10mg,150,152,9130909499560,All Products | Shop Peptides,Concentration: 10mg,67.99,84.99,USD,in_stock,no,1,10,10,https://biologixlabsresearch.com/wp-json/wc/store/v1/products?per_page=100&page=1&type=variation,WooCommerce Store API,2026-07-28T01:58:14.057Z,high,Category inherited from the public parent product record.
biologixlabsresearch.com,VIP,https://biologixlabsresearch.com/product/vip/?attribute_concentration=5mg,150,151,9130909499560,All Products | Shop Peptides,Concentration: 5mg,35.99,44.99,USD,in_stock,no,1,10,10,https://biologixlabsresearch.com/wp-json/wc/store/v1/products?per_page=100&page=1&type=variation,WooCommerce Store API,2026-07-28T01:58:14.057Z,high,Category inherited from the public parent product record.
biologixlabsresearch.com,GLP-2T,https://biologixlabsresearch.com/product/tirzepatide/?attribute_amount=30mg,146,149,9182376689832,All Products | Shop Peptides,Amount: 30mg,84.99,104.99,USD,out_of_stock,no,1,9999,,https://biologixlabsresearch.com/wp-json/wc/store/v1/products?per_page=100&page=1&type=variation,WooCommerce Store API,2026-07-28T01:58:14.057Z,high,"WooCommerce exposes 9999 as the purchase maximum; treat it as a storefront sentinel, not physical inventory. | Category inherited from the public parent product record."
biologixlabsresearch.com,GLP-2T,https://biologixlabsresearch.com/product/tirzepatide/?attribute_amount=20mg,146,148,9182376689832,All Products | Shop Peptides,Amount: 20mg,59.99,74.99,USD,out_of_stock,no,1,9999,,https://biologixlabsresearch.com/wp-json/wc/store/v1/products?per_page=100&page=1&type=variation,WooCommerce Store API,2026-07-28T01:58:14.057Z,high,"WooCommerce exposes 9999 as the purchase maximum; treat it as a storefront sentinel, not physical inventory. | Category inherited from the public parent product record."
biologixlabsresearch.com,GLP-2T,https://biologixlabsresearch.com/product/tirzepatide/?attribute_amount=10mg,146,147,9182376689832,All Products | Shop Peptides,Amount: 10mg,34.99,44.99,USD,in_stock,no,1,5,5,https://biologixlabsresearch.com/wp-json/wc/store/v1/products?per_page=100&page=1&type=variation,WooCommerce Store API,2026-07-28T01:58:14.057Z,high,Category inherited from the public parent product record.
biologixlabsresearch.com,Tesamorelin,https://biologixlabsresearch.com/product/tesamorelin/?attribute_amount=10mg,141,143,9182374232232,All Products | Popular Products | Shop Peptides,Amount: 10mg,63.99,79.99,USD,in_stock,no,1,33,33,https://biologixlabsresearch.com/wp-json/wc/store/v1/products?per_page=100&page=1&type=variation,WooCommerce Store API,2026-07-28T01:58:14.057Z,high,Category inherited from the public parent product record.
biologixlabsresearch.com,Tesamorelin,https://biologixlabsresearch.com/product/tesamorelin/?attribute_amount=5mg,141,142,9182374232232,All Products | Popular Products | Shop Peptides,Amount: 5mg,43.99,54.99,USD,in_stock,no,1,34,34,https://biologixlabsresearch.com/wp-json/wc/store/v1/products?per_page=100&page=1&type=variation,WooCommerce Store API,2026-07-28T01:58:14.057Z,high,Category inherited from the public parent product record.
biologixlabsresearch.com,TB-500,https://biologixlabsresearch.com/product/tb-500/?attribute_variant=10mg,136,138,9130766074024,All Products | Shop Peptides,Variant: 10mg,47.99,59.99,USD,in_stock,no,1,9,9,https://biologixlabsresearch.com/wp-json/wc/store/v1/products?per_page=100&page=1&type=variation,WooCommerce Store API,2026-07-28T01:58:14.057Z,high,Category inherited from the public parent product record.
biologixlabsresearch.com,TB-500,https://biologixlabsresearch.com/product/tb-500/?attribute_variant=5mg,136,137,9130766074024,All Products | Shop Peptides,Variant: 5mg,35.99,44.99,USD,in_stock,no,1,18,18,https://biologixlabsresearch.com/wp-json/wc/store/v1/products?per_page=100&page=1&type=variation,WooCommerce Store API,2026-07-28T01:58:14.057Z,high,Category inherited from the public parent product record.
biologixlabsresearch.com,SS-31,https://biologixlabsresearch.com/product/ss-31/?attribute_amount=50mg,128,130,9130908418216,All Products | Shop Peptides,Amount: 50mg,111.99,139.99,USD,in_stock,no,1,1,1,https://biologixlabsresearch.com/wp-json/wc/store/v1/products?per_page=100&page=1&type=variation,WooCommerce Store API,2026-07-28T01:58:14.057Z,high,Category inherited from the public parent product record.
biologixlabsresearch.com,SS-31,https://biologixlabsresearch.com/product/ss-31/?attribute_amount=10mg,128,129,9130908418216,All Products | Shop Peptides,Amount: 10mg,39.99,49.99,USD,out_of_stock,no,1,9999,,https://biologixlabsresearch.com/wp-json/wc/store/v1/products?per_page=100&page=1&type=variation,WooCommerce Store API,2026-07-28T01:58:14.057Z,high,"WooCommerce exposes 9999 as the purchase maximum; treat it as a storefront sentinel, not physical inventory. | Category inherited from the public parent product record."
biologixlabsresearch.com,SLU-PP-332,https://biologixlabsresearch.com/product/slu-pp-332/?attribute_amount=1000mcg+x+100+Tablets,123,125,9258389569704,Shop Orals,Amount: 1000mcg x 100 Tablets,199.99,239.99,USD,in_stock,no,1,5,5,https://biologixlabsresearch.com/wp-json/wc/store/v1/products?per_page=100&page=1&type=variation,WooCommerce Store API,2026-07-28T01:58:14.057Z,high,Category inherited from the public parent product record.
biologixlabsresearch.com,SLU-PP-332,https://biologixlabsresearch.com/product/slu-pp-332/?attribute_amount=500mcg+x+100+Tablets,123,124,9258389569704,Shop Orals,Amount: 500mcg x 100 Tablets,99.99,119.99,USD,in_stock,no,1,3,3,https://biologixlabsresearch.com/wp-json/wc/store/v1/products?per_page=100&page=1&type=variation,WooCommerce Store API,2026-07-28T01:58:14.057Z,high,Category inherited from the public parent product record.
biologixlabsresearch.com,SLU-PP-332,https://biologixlabsresearch.com/product/slu-pp-333/?attribute_variant=5mg,119,120,9130935845032,All Products | Shop Peptides,Variant: 5mg,39.99,49.99,USD,in_stock,no,1,7,7,https://biologixlabsresearch.com/wp-json/wc/store/v1/products?per_page=100&page=1&type=variation,WooCommerce Store API,2026-07-28T01:58:14.057Z,high,Category inherited from the public parent product record.
biologixlabsresearch.com,Sermorelin,https://biologixlabsresearch.com/product/sermoreline-acetate/?attribute_amount=10mg,114,117,9140921499816,All Products | Shop Peptides,Amount: 10mg,54.99,69.99,USD,in_stock,no,1,10,10,https://biologixlabsresearch.com/wp-json/wc/store/v1/products?per_page=100&page=1&type=variation,WooCommerce Store API,2026-07-28T01:58:14.057Z,high,Category inherited from the public parent product record.
biologixlabsresearch.com,Sermorelin,https://biologixlabsresearch.com/product/sermoreline-acetate/?attribute_amount=5mg,114,116,9140921499816,All Products | Shop Peptides,Amount: 5mg,34.99,42.99,USD,in_stock,no,1,14,14,https://biologixlabsresearch.com/wp-json/wc/store/v1/products?per_page=100&page=1&type=variation,WooCommerce Store API,2026-07-28T01:58:14.057Z,high,Category inherited from the public parent product record.
biologixlabsresearch.com,Sermorelin,https://biologixlabsresearch.com/product/sermoreline-acetate/?attribute_amount=2mg,114,115,9140921499816,All Products | Shop Peptides,Amount: 2mg,19.99,24.99,USD,in_stock,no,1,8,8,https://biologixlabsresearch.com/wp-json/wc/store/v1/products?per_page=100&page=1&type=variation,WooCommerce Store API,2026-07-28T01:58:14.057Z,high,Category inherited from the public parent product record.
biologixlabsresearch.com,Semax,https://biologixlabsresearch.com/product/semax/?attribute_amount=10mg,110,112,9130905960616,All Products | Popular Products | Shop Peptides,Amount: 10mg,34.99,44.99,USD,in_stock,no,1,34,34,https://biologixlabsresearch.com/wp-json/wc/store/v1/products?per_page=100&page=1&type=variation,WooCommerce Store API,2026-07-28T01:58:14.057Z,high,Category inherited from the public parent product record.
biologixlabsresearch.com,Semax,https://biologixlabsresearch.com/product/semax/?attribute_amount=5mg,110,111,9130905960616,All Products | Popular Products | Shop Peptides,Amount: 5mg,24.99,31.99,USD,in_stock,no,1,18,18,https://biologixlabsresearch.com/wp-json/wc/store/v1/products?per_page=100&page=1&type=variation,WooCommerce Store API,2026-07-28T01:58:14.057Z,high,Category inherited from the public parent product record.
biologixlabsresearch.com,GLP-1S,https://biologixlabsresearch.com/product/semaglutide/?attribute_amount=30mg,107,109,9182383407272,All Products | Shop Peptides,Amount: 30mg,40.99,49.99,USD,out_of_stock,no,1,9999,,https://biologixlabsresearch.com/wp-json/wc/store/v1/products?per_page=100&page=1&type=variation,WooCommerce Store API,2026-07-28T01:58:14.057Z,high,"WooCommerce exposes 9999 as the purchase maximum; treat it as a storefront sentinel, not physical inventory. | Category inherited from the public parent product record."
biologixlabsresearch.com,GLP-1S,https://biologixlabsresearch.com/product/semaglutide/?attribute_amount=20mg,107,108,9182383407272,All Products | Shop Peptides,Amount: 20mg,27.99,34.99,USD,out_of_stock,no,1,9999,,https://biologixlabsresearch.com/wp-json/wc/store/v1/products?per_page=100&page=1&type=variation,WooCommerce Store API,2026-07-28T01:58:14.057Z,high,"WooCommerce exposes 9999 as the purchase maximum; treat it as a storefront sentinel, not physical inventory. | Category inherited from the public parent product record."
biologixlabsresearch.com,Selank,https://biologixlabsresearch.com/product/selank/,103,105,9130897572008,All Products | Popular Products | Shop Peptides,Amount: 5mg / 10mg / 30mg,34.99,44.99,USD,in_stock,no,1,50,50,https://biologixlabsresearch.com/wp-json/wc/store/v1/products?per_page=100&page=1&type=variation,WooCommerce Store API,2026-07-28T01:58:14.057Z,high,Category inherited from the public parent product record.
biologixlabsresearch.com,Selank,https://biologixlabsresearch.com/product/selank/,103,104,9130897572008,All Products | Popular Products | Shop Peptides,Amount: 5mg / 10mg / 30mg,24.99,31.99,USD,in_stock,no,1,44,44,https://biologixlabsresearch.com/wp-json/wc/store/v1/products?per_page=100&page=1&type=variation,WooCommerce Store API,2026-07-28T01:58:14.057Z,high,Category inherited from the public parent product record.
biologixlabsresearch.com,GLP-3R,https://biologixlabsresearch.com/product/retatrutide/?attribute_amount=20mg,97,100,9182378229928,All Products | Popular Products | Shop Peptides,Amount: 20mg,129.99,149.99,USD,in_stock,no,1,9999,31,https://biologixlabsresearch.com/wp-json/wc/store/v1/products?per_page=100&page=1&type=variation,WooCommerce Store API,2026-07-28T01:58:14.057Z,high,"WooCommerce exposes 9999 as the purchase maximum; treat it as a storefront sentinel, not physical inventory. | Category inherited from the public parent product record."
biologixlabsresearch.com,GLP-3R,https://biologixlabsresearch.com/product/retatrutide/?attribute_amount=10mg,97,99,9182378229928,All Products | Popular Products | Shop Peptides,Amount: 10mg,74.99,89.99,USD,in_stock,no,1,9999,15,https://biologixlabsresearch.com/wp-json/wc/store/v1/products?per_page=100&page=1&type=variation,WooCommerce Store API,2026-07-28T01:58:14.057Z,high,"WooCommerce exposes 9999 as the purchase maximum; treat it as a storefront sentinel, not physical inventory. | Category inherited from the public parent product record."
biologixlabsresearch.com,GLP-3R,https://biologixlabsresearch.com/product/retatrutide/?attribute_amount=5mg,97,98,9182378229928,All Products | Popular Products | Shop Peptides,Amount: 5mg,37.99,44.99,USD,in_stock,no,1,9999,29,https://biologixlabsresearch.com/wp-json/wc/store/v1/products?per_page=100&page=1&type=variation,WooCommerce Store API,2026-07-28T01:58:14.057Z,high,"WooCommerce exposes 9999 as the purchase maximum; treat it as a storefront sentinel, not physical inventory. | Category inherited from the public parent product record."
biologixlabsresearch.com,NAD+ (Buffered),https://biologixlabsresearch.com/product/nad-buffered/?attribute_amount=1000mg,90,92,9130876698792,All Products | Shop Aminos | Shop Peptides,Amount: 1000mg,84.99,104.99,USD,in_stock,no,1,16,16,https://biologixlabsresearch.com/wp-json/wc/store/v1/products?per_page=100&page=1&type=variation,WooCommerce Store API,2026-07-28T01:58:14.057Z,high,Category inherited from the public parent product record.
biologixlabsresearch.com,NAD+ (Buffered),https://biologixlabsresearch.com/product/nad-buffered/?attribute_amount=500mg,90,91,9130876698792,All Products | Shop Aminos | Shop Peptides,Amount: 500mg,43.99,54.99,USD,out_of_stock,no,1,9999,,https://biologixlabsresearch.com/wp-json/wc/store/v1/products?per_page=100&page=1&type=variation,WooCommerce Store API,2026-07-28T01:58:14.057Z,high,"WooCommerce exposes 9999 as the purchase maximum; treat it as a storefront sentinel, not physical inventory. | Category inherited from the public parent product record."
biologixlabsresearch.com,Mazdutide,https://biologixlabsresearch.com/product/mazdutide/?attribute_amount=10mg,80,82,9140907966632,All Products | Shop Peptides,Amount: 10mg,127.99,149.99,USD,out_of_stock,no,1,9999,,https://biologixlabsresearch.com/wp-json/wc/store/v1/products?per_page=100&page=1&type=variation,WooCommerce Store API,2026-07-28T01:58:14.057Z,high,"WooCommerce exposes 9999 as the purchase maximum; treat it as a storefront sentinel, not physical inventory. | Category inherited from the public parent product record."
biologixlabsresearch.com,Mazdutide,https://biologixlabsresearch.com/product/mazdutide/?attribute_amount=5mg,80,81,9140907966632,All Products | Shop Peptides,Amount: 5mg,50.99,59.99,USD,out_of_stock,no,1,9999,,https://biologixlabsresearch.com/wp-json/wc/store/v1/products?per_page=100&page=1&type=variation,WooCommerce Store API,2026-07-28T01:58:14.057Z,high,"WooCommerce exposes 9999 as the purchase maximum; treat it as a storefront sentinel, not physical inventory. | Category inherited from the public parent product record."
biologixlabsresearch.com,Ipamorelin,https://biologixlabsresearch.com/product/ipamorelin/?attribute_amount=10mg,72,75,9130856513704,All Products | Shop Peptides,Amount: 10mg,34.99,44.99,USD,in_stock,no,1,33,33,https://biologixlabsresearch.com/wp-json/wc/store/v1/products?per_page=100&page=1&type=variation,WooCommerce Store API,2026-07-28T01:58:14.057Z,high,Category inherited from the public parent product record.
biologixlabsresearch.com,Ipamorelin,https://biologixlabsresearch.com/product/ipamorelin/?attribute_amount=5mg,72,74,9130856513704,All Products | Shop Peptides,Amount: 5mg,27.99,34.99,USD,in_stock,no,1,15,15,https://biologixlabsresearch.com/wp-json/wc/store/v1/products?per_page=100&page=1&type=variation,WooCommerce Store API,2026-07-28T01:58:14.057Z,high,Category inherited from the public parent product record.
biologixlabsresearch.com,Ipamorelin,https://biologixlabsresearch.com/product/ipamorelin/?attribute_amount=2mg,72,73,9130856513704,All Products | Shop Peptides,Amount: 2mg,17.99,21.99,USD,in_stock,no,1,8,8,https://biologixlabsresearch.com/wp-json/wc/store/v1/products?per_page=100&page=1&type=variation,WooCommerce Store API,2026-07-28T01:58:14.057Z,high,Category inherited from the public parent product record.
biologixlabsresearch.com,GHK-CU,https://biologixlabsresearch.com/product/ghk/?attribute_amount=100mg,59,61,9125202395304,All Products | Popular Products | Shop Peptides,Amount: 100mg,44.99,54.99,USD,in_stock,no,1,9999,19,https://biologixlabsresearch.com/wp-json/wc/store/v1/products?per_page=100&page=1&type=variation,WooCommerce Store API,2026-07-28T01:58:14.057Z,high,"WooCommerce exposes 9999 as the purchase maximum; treat it as a storefront sentinel, not physical inventory. | Category inherited from the public parent product record."
biologixlabsresearch.com,GHK-CU,https://biologixlabsresearch.com/product/ghk/?attribute_amount=50mg,59,60,9125202395304,All Products | Popular Products | Shop Peptides,Amount: 50mg,29.99,39.99,USD,in_stock,no,1,9999,26,https://biologixlabsresearch.com/wp-json/wc/store/v1/products?per_page=100&page=1&type=variation,WooCommerce Store API,2026-07-28T01:58:14.057Z,high,"WooCommerce exposes 9999 as the purchase maximum; treat it as a storefront sentinel, not physical inventory. | Category inherited from the public parent product record."
biologixlabsresearch.com,Epithalon,https://biologixlabsresearch.com/product/epithalon/?attribute_amount=50mg,56,58,9130838393000,All Products | Shop Peptides,Amount: 50mg,118.99,139.99,USD,out_of_stock,no,1,9999,,https://biologixlabsresearch.com/wp-json/wc/store/v1/products?per_page=100&page=1&type=variation,WooCommerce Store API,2026-07-28T01:58:14.057Z,high,"WooCommerce exposes 9999 as the purchase maximum; treat it as a storefront sentinel, not physical inventory. | Category inherited from the public parent product record."
biologixlabsresearch.com,Epithalon,https://biologixlabsresearch.com/product/epithalon/?attribute_amount=10mg,56,57,9130838393000,All Products | Shop Peptides,Amount: 10mg,34.99,44.99,USD,in_stock,no,1,3,3,https://biologixlabsresearch.com/wp-json/wc/store/v1/products?per_page=100&page=1&type=variation,WooCommerce Store API,2026-07-28T01:58:14.057Z,high,Category inherited from the public parent product record.
biologixlabsresearch.com,DSIP,https://biologixlabsresearch.com/product/dsip/?attribute_amount=10mg,51,53,9130770956456,All Products | Shop Peptides,Amount: 10mg,41.99,49.99,USD,in_stock,no,1,19,19,https://biologixlabsresearch.com/wp-json/wc/store/v1/products?per_page=100&page=1&type=variation,WooCommerce Store API,2026-07-28T01:58:14.057Z,high,Category inherited from the public parent product record.
biologixlabsresearch.com,DSIP,https://biologixlabsresearch.com/product/dsip/?attribute_amount=5mg,51,52,9130770956456,All Products | Shop Peptides,Amount: 5mg,25.99,32.99,USD,in_stock,no,1,18,18,https://biologixlabsresearch.com/wp-json/wc/store/v1/products?per_page=100&page=1&type=variation,WooCommerce Store API,2026-07-28T01:58:14.057Z,high,Category inherited from the public parent product record.
biologixlabsresearch.com,CJC-1295,https://biologixlabsresearch.com/product/cjc-1295-without-dac/?attribute_amount=10mg,44,46,9130779312296,All Products | Shop Peptides,Amount: 10mg,44.99,54.99,USD,in_stock,no,1,8,8,https://biologixlabsresearch.com/wp-json/wc/store/v1/products?per_page=100&page=1&type=variation,WooCommerce Store API,2026-07-28T01:58:14.057Z,high,Category inherited from the public parent product record.
biologixlabsresearch.com,CJC-1295,https://biologixlabsresearch.com/product/cjc-1295-without-dac/?attribute_amount=5mg,44,45,9130779312296,All Products | Shop Peptides,Amount: 5mg,29.99,36.99,USD,in_stock,no,1,6,6,https://biologixlabsresearch.com/wp-json/wc/store/v1/products?per_page=100&page=1&type=variation,WooCommerce Store API,2026-07-28T01:58:14.057Z,high,Category inherited from the public parent product record.
biologixlabsresearch.com,CJC-1259 (DAC),https://biologixlabsresearch.com/product/cjc-1259-with-dac/?attribute_amount=5mg,41,42,9130782163112,All Products | Shop Peptides,Amount: 5mg,49.99,59.99,USD,in_stock,no,1,46,46,https://biologixlabsresearch.com/wp-json/wc/store/v1/products?per_page=100&page=1&type=variation,WooCommerce Store API,2026-07-28T01:58:14.057Z,high,Category inherited from the public parent product record.
biologixlabsresearch.com,Cagrilintide,https://biologixlabsresearch.com/product/cagrilintide/?attribute_amount=10mg,37,39,9182375903400,All Products | Shop Peptides,Amount: 10mg,81.99,99.99,USD,in_stock,no,1,8,8,https://biologixlabsresearch.com/wp-json/wc/store/v1/products?per_page=100&page=1&type=variation,WooCommerce Store API,2026-07-28T01:58:14.057Z,high,Category inherited from the public parent product record.
biologixlabsresearch.com,Cagrilintide,https://biologixlabsresearch.com/product/cagrilintide/?attribute_amount=5mg,37,38,9182375903400,All Products | Shop Peptides,Amount: 5mg,49.99,59.99,USD,in_stock,no,1,4,4,https://biologixlabsresearch.com/wp-json/wc/store/v1/products?per_page=100&page=1&type=variation,WooCommerce Store API,2026-07-28T01:58:14.057Z,high,Category inherited from the public parent product record.
biologixlabsresearch.com,BPC-157 + TB-500,https://biologixlabsresearch.com/product/bpc-157-tb500/?attribute_variant=20mg,33,35,9131970887848,All Products | Popular Products | Shop Peptides,Variant: 20mg,69.99,84.99,USD,in_stock,no,1,3,3,https://biologixlabsresearch.com/wp-json/wc/store/v1/products?per_page=100&page=1&type=variation,WooCommerce Store API,2026-07-28T01:58:14.057Z,high,Category inherited from the public parent product record.
biologixlabsresearch.com,BPC-157 + TB-500,https://biologixlabsresearch.com/product/bpc-157-tb500/?attribute_variant=10mg,33,34,9131970887848,All Products | Popular Products | Shop Peptides,Variant: 10mg,47.99,59.99,USD,in_stock,no,1,49,49,https://biologixlabsresearch.com/wp-json/wc/store/v1/products?per_page=100&page=1&type=variation,WooCommerce Store API,2026-07-28T01:58:14.057Z,high,Category inherited from the public parent product record.
biologixlabsresearch.com,BPC-157,https://biologixlabsresearch.com/product/bpc-157/?attribute_variant=500mcg+x+100+Tablet+Bottle,26,30,9112002265256,All Products | Shop Peptides,Variant: 500mcg x 100 Tablet Bottle,99.99,124.99,USD,in_stock,no,1,1,1,https://biologixlabsresearch.com/wp-json/wc/store/v1/products?per_page=100&page=1&type=variation,WooCommerce Store API,2026-07-28T01:58:14.057Z,high,Category inherited from the public parent product record.
biologixlabsresearch.com,BPC-157,https://biologixlabsresearch.com/product/bpc-157/?attribute_variant=20mg+Vial,26,29,9112002265256,All Products | Shop Peptides,Variant: 20mg Vial,69.99,84.99,USD,in_stock,no,1,4,4,https://biologixlabsresearch.com/wp-json/wc/store/v1/products?per_page=100&page=1&type=variation,WooCommerce Store API,2026-07-28T01:58:14.057Z,high,Category inherited from the public parent product record.
biologixlabsresearch.com,BPC-157,https://biologixlabsresearch.com/product/bpc-157/?attribute_variant=10mg+Vial,26,28,9112002265256,All Products | Shop Peptides,Variant: 10mg Vial,41.99,54.99,USD,in_stock,no,1,2,2,https://biologixlabsresearch.com/wp-json/wc/store/v1/products?per_page=100&page=1&type=variation,WooCommerce Store API,2026-07-28T01:58:14.057Z,high,Category inherited from the public parent product record.
biologixlabsresearch.com,BPC-157,https://biologixlabsresearch.com/product/bpc-157/?attribute_variant=5mg+Vial,26,27,9112002265256,All Products | Shop Peptides,Variant: 5mg Vial,27.99,34.99,USD,in_stock,no,1,14,14,https://biologixlabsresearch.com/wp-json/wc/store/v1/products?per_page=100&page=1&type=variation,WooCommerce Store API,2026-07-28T01:58:14.057Z,high,Category inherited from the public parent product record.
biologixlabsresearch.com,5-Amino-1MQ,https://biologixlabsresearch.com/product/5-amino-1mq-1/?attribute_variant=5mg,19,21,9130940006568,All Products | Shop Peptides,Variant: 5mg,29.99,39.99,USD,in_stock,no,1,33,33,https://biologixlabsresearch.com/wp-json/wc/store/v1/products?per_page=100&page=1&type=variation,WooCommerce Store API,2026-07-28T01:58:14.057Z,high,Category inherited from the public parent product record.
biologixlabsresearch.com,5-Amino-1MQ,https://biologixlabsresearch.com/product/5-amino-1mq-1/?attribute_variant=10mg,19,20,9130940006568,All Products | Shop Peptides,Variant: 10mg,44.99,54.99,USD,in_stock,no,1,24,24,https://biologixlabsresearch.com/wp-json/wc/store/v1/products?per_page=100&page=1&type=variation,WooCommerce Store API,2026-07-28T01:58:14.057Z,high,Category inherited from the public parent product record.
biologixlabsresearch.com,BPC-157,https://biologixlabsresearch.com/product/bpc-157-500mcg-tablet/,31,31,,Shop Orals,,99.99,124.99,USD,in_stock,no,1,20,20,https://biologixlabsresearch.com/wp-json/wc/store/v1/products?per_page=100&page=1,WooCommerce Store API,2026-07-28T01:58:14.057Z,high,
biologixlabsresearch.com,BAC Water (Hospira),https://biologixlabsresearch.com/product/bac-water/,24,24,,All Products | Popular Products | Shop Peptides,,24.99,29.99,USD,in_stock,no,1,3,3,https://biologixlabsresearch.com/wp-json/wc/store/v1/products?per_page=100&page=1,WooCommerce Store API,2026-07-28T01:58:14.057Z,high,
biologixlabsresearch.com,BPC-157 + TB-500,https://biologixlabsresearch.com/product/bpc-157-tb-500/,1602,1602,,All Products | Shop Orals,,179.99,209.99,USD,in_stock,no,1,2,2,https://biologixlabsresearch.com/wp-json/wc/store/v1/products?per_page=100&page=1,WooCommerce Store API,2026-07-28T01:58:14.057Z,high,
biologixlabsresearch.com,Glutathione,https://biologixlabsresearch.com/product/glutathione/,65,65,,All Products | Shop Aminos | Shop Peptides,,54.99,69.99,USD,in_stock,no,1,32,32,https://biologixlabsresearch.com/wp-json/wc/store/v1/products?per_page=100&page=1,WooCommerce Store API,2026-07-28T01:58:14.057Z,high,
biologixlabsresearch.com,MK-677,https://biologixlabsresearch.com/product/mk-677/,83,83,,All Products | Popular Products | Shop Orals,,69.99,89.99,USD,in_stock,no,1,9999,38,https://biologixlabsresearch.com/wp-json/wc/store/v1/products?per_page=100&page=1,WooCommerce Store API,2026-07-28T01:58:14.057Z,high,"WooCommerce exposes 9999 as the purchase maximum; treat it as a storefront sentinel, not physical inventory."
biologixlabsresearch.com,L-Carnitine,https://biologixlabsresearch.com/product/l-carnatine/,79,79,,All Products | Popular Products | Shop Aminos,,69.99,84.99,USD,out_of_stock,no,1,9999,,https://biologixlabsresearch.com/wp-json/wc/store/v1/products?per_page=100&page=1,WooCommerce Store API,2026-07-28T01:58:14.057Z,high,"WooCommerce exposes 9999 as the purchase maximum; treat it as a storefront sentinel, not physical inventory."
biologixlabsresearch.com,Enclomiphene,https://biologixlabsresearch.com/product/enclomiphene/,54,54,,All Products | Shop Orals,,149.99,169.99,USD,in_stock,no,1,1,1,https://biologixlabsresearch.com/wp-json/wc/store/v1/products?per_page=100&page=1,WooCommerce Store API,2026-07-28T01:58:14.057Z,high,
biologixlabsresearch.com,Tadalafil,https://biologixlabsresearch.com/product/tadalafil/,133,133,9182478532776,All Products | Popular Products | Shop Orals,Quantity: 20mg x 100 Tablets,99.99,119.99,USD,in_stock,no,1,34,34,https://biologixlabsresearch.com/wp-json/wc/store/v1/products?per_page=100&page=1,WooCommerce Store API,2026-07-28T01:58:14.057Z,high,
biologixlabsresearch.com,GLOW,https://biologixlabsresearch.com/product/glow-stack/,63,63,,All Products | Popular Products | Shop Peptides,Amount: GLOW50 (GHK-Cu 35mg + BPC-157 10mg + TB-500 10mg) / GLOW70 (GHK-Cu 50mg + BPC-157 10mg + TB-500 10mg),77.99,99.99,USD,in_stock,no,1,9999,5,https://biologixlabsresearch.com/wp-json/wc/store/v1/products?per_page=100&page=1,WooCommerce Store API,2026-07-28T01:58:14.057Z,high,"WooCommerce exposes 9999 as the purchase maximum; treat it as a storefront sentinel, not physical inventory."
biologixlabsresearch.com,PermaPump,https://biologixlabsresearch.com/product/permapump/,95,95,,All Products | Popular Products | Shop Aminos,,39.99,59.99,USD,in_stock,no,1,11,11,https://biologixlabsresearch.com/wp-json/wc/store/v1/products?per_page=100&page=1,WooCommerce Store API,2026-07-28T01:58:14.057Z,high,
biologixlabsresearch.com,Sildenafil,https://biologixlabsresearch.com/product/sildenafil/,118,118,,All Products | Shop Orals,,89.99,109.99,USD,in_stock,no,1,1,1,https://biologixlabsresearch.com/wp-json/wc/store/v1/products?per_page=100&page=1,WooCommerce Store API,2026-07-28T01:58:14.057Z,high,
biologixlabsresearch.com,Telmisartan,https://biologixlabsresearch.com/product/telimisartan/,140,140,,All Products | Shop Orals,,49.99,69.99,USD,in_stock,no,1,1,1,https://biologixlabsresearch.com/wp-json/wc/store/v1/products?per_page=100&page=1,WooCommerce Store API,2026-07-28T01:58:14.057Z,high,
biologixlabsresearch.com,5-Amino-1MQ,https://biologixlabsresearch.com/product/5-amino-1mq/,22,22,,Shop Orals,,39.99,49.99,USD,out_of_stock,no,1,9999,,https://biologixlabsresearch.com/wp-json/wc/store/v1/products?per_page=100&page=1,WooCommerce Store API,2026-07-28T01:58:14.057Z,high,"WooCommerce exposes 9999 as the purchase maximum; treat it as a storefront sentinel, not physical inventory."
biologixlabsresearch.com,Tadalafil,https://biologixlabsresearch.com/product/tadalafil-1/,135,135,,Lab Results,,0,0,USD,out_of_stock,no,1,9999,,https://biologixlabsresearch.com/wp-json/wc/store/v1/products?per_page=100&page=1,WooCommerce Store API,2026-07-28T01:58:14.057Z,high,"WooCommerce exposes 9999 as the purchase maximum; treat it as a storefront sentinel, not physical inventory."
biologixlabsresearch.com,Survodutide,https://biologixlabsresearch.com/product/srvodutide/,132,132,,All Products | Shop Peptides,,67.99,82.99,USD,out_of_stock,no,1,9999,,https://biologixlabsresearch.com/wp-json/wc/store/v1/products?per_page=100&page=1,WooCommerce Store API,2026-07-28T01:58:14.057Z,high,"WooCommerce exposes 9999 as the purchase maximum; treat it as a storefront sentinel, not physical inventory."
biologixlabsresearch.com,SS-31,https://biologixlabsresearch.com/product/ss-32/,131,131,,Lab Results,,0,0,USD,out_of_stock,no,1,9999,,https://biologixlabsresearch.com/wp-json/wc/store/v1/products?per_page=100&page=1,WooCommerce Store API,2026-07-28T01:58:14.057Z,high,"WooCommerce exposes 9999 as the purchase maximum; treat it as a storefront sentinel, not physical inventory."
biologixlabsresearch.com,SLU-PP-332,https://biologixlabsresearch.com/product/slu-pp-334/,126,126,,Lab Results,,0,0,USD,out_of_stock,no,1,9999,,https://biologixlabsresearch.com/wp-json/wc/store/v1/products?per_page=100&page=1,WooCommerce Store API,2026-07-28T01:58:14.057Z,high,"WooCommerce exposes 9999 as the purchase maximum; treat it as a storefront sentinel, not physical inventory."
biologixlabsresearch.com,PT-141,https://biologixlabsresearch.com/product/pt-141/,96,96,,All Products | Shop Peptides,,35.99,44.99,USD,out_of_stock,no,1,9999,,https://biologixlabsresearch.com/wp-json/wc/store/v1/products?per_page=100&page=1,WooCommerce Store API,2026-07-28T01:58:14.057Z,high,"WooCommerce exposes 9999 as the purchase maximum; treat it as a storefront sentinel, not physical inventory."
biologixlabsresearch.com,Oxytocin,https://biologixlabsresearch.com/product/oxytocin/,93,93,9182380196008,All Products | Shop Peptides,Concentration: 5mg,0,0,USD,out_of_stock,no,1,9999,,https://biologixlabsresearch.com/wp-json/wc/store/v1/products?per_page=100&page=1,WooCommerce Store API,2026-07-28T01:58:14.057Z,medium,"WooCommerce exposes 9999 as the purchase maximum; treat it as a storefront sentinel, not physical inventory. | Variable parent is retained because no public child-variation record was returned."
biologixlabsresearch.com,MT-2,https://biologixlabsresearch.com/product/mt-2/,88,88,,All Products | Popular Products | Shop Peptides,,27.99,34.99,USD,in_stock,no,1,8,8,https://biologixlabsresearch.com/wp-json/wc/store/v1/products?per_page=100&page=1,WooCommerce Store API,2026-07-28T01:58:14.057Z,high,
biologixlabsresearch.com,MT-1,https://biologixlabsresearch.com/product/mt-1/,87,87,,All Products | Shop Peptides,,27.99,34.99,USD,in_stock,no,1,6,6,https://biologixlabsresearch.com/wp-json/wc/store/v1/products?per_page=100&page=1,WooCommerce Store API,2026-07-28T01:58:14.057Z,high,
biologixlabsresearch.com,MOTS-c,https://biologixlabsresearch.com/product/mots-c-1/,86,86,,Lab Results,,0,0,USD,out_of_stock,no,1,9999,,https://biologixlabsresearch.com/wp-json/wc/store/v1/products?per_page=100&page=1,WooCommerce Store API,2026-07-28T01:58:14.057Z,high,"WooCommerce exposes 9999 as the purchase maximum; treat it as a storefront sentinel, not physical inventory."
biologixlabsresearch.com,Molecular Ascension Shirt,https://biologixlabsresearch.com/product/biologix-shirt/,84,84,,Apparel,,19.99,19.99,USD,in_stock,no,1,43,43,https://biologixlabsresearch.com/wp-json/wc/store/v1/products?per_page=100&page=1,WooCommerce Store API,2026-07-28T01:58:14.057Z,high,
biologixlabsresearch.com,KLOW,https://biologixlabsresearch.com/product/klow/,76,76,,All Products | Shop Peptides,,97.99,124.99,USD,in_stock,no,1,9999,35,https://biologixlabsresearch.com/wp-json/wc/store/v1/products?per_page=100&page=1,WooCommerce Store API,2026-07-28T01:58:14.057Z,high,"WooCommerce exposes 9999 as the purchase maximum; treat it as a storefront sentinel, not physical inventory."
biologixlabsresearch.com,IGF-1 LR3,https://biologixlabsresearch.com/product/igf-1-lr3-1/,71,71,,Lab Results,,0,0,USD,out_of_stock,no,1,9999,,https://biologixlabsresearch.com/wp-json/wc/store/v1/products?per_page=100&page=1,WooCommerce Store API,2026-07-28T01:58:14.057Z,high,"WooCommerce exposes 9999 as the purchase maximum; treat it as a storefront sentinel, not physical inventory."
biologixlabsresearch.com,IGF-1 LR3,https://biologixlabsresearch.com/product/igf-1-lr3/,70,70,,All Products | Shop Peptides,,54.99,69.99,USD,in_stock,no,1,3,3,https://biologixlabsresearch.com/wp-json/wc/store/v1/products?per_page=100&page=1,WooCommerce Store API,2026-07-28T01:58:14.057Z,high,
biologixlabsresearch.com,Hexarelin,https://biologixlabsresearch.com/product/hexarelin-acetate/,67,67,,All Products | Shop Peptides,,35.99,44.99,USD,out_of_stock,no,1,9999,,https://biologixlabsresearch.com/wp-json/wc/store/v1/products?per_page=100&page=1,WooCommerce Store API,2026-07-28T01:58:14.057Z,high,"WooCommerce exposes 9999 as the purchase maximum; treat it as a storefront sentinel, not physical inventory."
biologixlabsresearch.com,Enclomiphene,https://biologixlabsresearch.com/product/enclomiphene-1/,55,55,,Lab Results,,0,0,USD,out_of_stock,no,1,9999,,https://biologixlabsresearch.com/wp-json/wc/store/v1/products?per_page=100&page=1,WooCommerce Store API,2026-07-28T01:58:14.057Z,high,"WooCommerce exposes 9999 as the purchase maximum; treat it as a storefront sentinel, not physical inventory."
biologixlabsresearch.com,CJC-1295 + IPA,https://biologixlabsresearch.com/product/cjc-1295-without-dac-ipa/,49,49,,All Products | Popular Products | Shop Peptides,,55.99,69.99,USD,in_stock,no,1,9,9,https://biologixlabsresearch.com/wp-json/wc/store/v1/products?per_page=100&page=1,WooCommerce Store API,2026-07-28T01:58:14.057Z,high,
biologixlabsresearch.com,CJC-1295 Without DAC,https://biologixlabsresearch.com/product/cjc-1295-without-dac-1/,47,47,,Lab Results,,0,0,USD,out_of_stock,no,1,9999,,https://biologixlabsresearch.com/wp-json/wc/store/v1/products?per_page=100&page=1,WooCommerce Store API,2026-07-28T01:58:14.057Z,high,"WooCommerce exposes 9999 as the purchase maximum; treat it as a storefront sentinel, not physical inventory."
biologixlabsresearch.com,CJC-1295 With DAC,https://biologixlabsresearch.com/product/cjc-1295-with-dac/,43,43,,Lab Results,,0,0,USD,out_of_stock,no,1,9999,,https://biologixlabsresearch.com/wp-json/wc/store/v1/products?per_page=100&page=1,WooCommerce Store API,2026-07-28T01:58:14.057Z,high,"WooCommerce exposes 9999 as the purchase maximum; treat it as a storefront sentinel, not physical inventory."
biologixlabsresearch.com,Biologix Beater,https://biologixlabsresearch.com/product/biologix-beater/,25,25,,Apparel,,29.99,29.99,USD,in_stock,no,1,2,2,https://biologixlabsresearch.com/wp-json/wc/store/v1/products?per_page=100&page=1,WooCommerce Store API,2026-07-28T01:58:14.057Z,high,
biologixlabsresearch.com,HGH,https://biologixlabsresearch.com/product/hgh/,68,68,,Lab Results,,0,0,USD,out_of_stock,no,1,9999,,https://biologixlabsresearch.com/wp-json/wc/store/v1/products?per_page=100&page=1,WooCommerce Store API,2026-07-28T01:58:14.057Z,high,"WooCommerce exposes 9999 as the purchase maximum; treat it as a storefront sentinel, not physical inventory."
biologixlabsresearch.com,CJC-1295 Without DAC + IPA,https://biologixlabsresearch.com/product/cjc-1295-without-dac-ipa-1/,50,50,,Lab Results,,0,0,USD,out_of_stock,no,1,9999,,https://biologixlabsresearch.com/wp-json/wc/store/v1/products?per_page=100&page=1,WooCommerce Store API,2026-07-28T01:58:14.057Z,high,"WooCommerce exposes 9999 as the purchase maximum; treat it as a storefront sentinel, not physical inventory."
biologixlabsresearch.com,Tesamorelin,https://biologixlabsresearch.com/product/tesamoralin/,144,144,,Lab Results,,0,0,USD,out_of_stock,no,1,9999,,https://biologixlabsresearch.com/wp-json/wc/store/v1/products?per_page=100&page=1,WooCommerce Store API,2026-07-28T01:58:14.057Z,high,"WooCommerce exposes 9999 as the purchase maximum; treat it as a storefront sentinel, not physical inventory."
biologixlabsresearch.com,Selank,https://biologixlabsresearch.com/product/selank-1/,106,106,,Lab Results,,0,0,USD,out_of_stock,no,1,9999,,https://biologixlabsresearch.com/wp-json/wc/store/v1/products?per_page=100&page=1,WooCommerce Store API,2026-07-28T01:58:14.057Z,high,"WooCommerce exposes 9999 as the purchase maximum; treat it as a storefront sentinel, not physical inventory."
biologixlabsresearch.com,Semax,https://biologixlabsresearch.com/product/semax-1/,113,113,,Lab Results,,0,0,USD,out_of_stock,no,1,9999,,https://biologixlabsresearch.com/wp-json/wc/store/v1/products?per_page=100&page=1,WooCommerce Store API,2026-07-28T01:58:14.057Z,high,"WooCommerce exposes 9999 as the purchase maximum; treat it as a storefront sentinel, not physical inventory."
biologixlabsresearch.com,MT-2,https://biologixlabsresearch.com/product/mt-3/,89,89,,Lab Results,,0,0,USD,out_of_stock,no,1,9999,,https://biologixlabsresearch.com/wp-json/wc/store/v1/products?per_page=100&page=1,WooCommerce Store API,2026-07-28T01:58:14.057Z,high,"WooCommerce exposes 9999 as the purchase maximum; treat it as a storefront sentinel, not physical inventory."
biologixlabsresearch.com,GLOW (BPC-157 + TB-500 + GHK-CU),https://biologixlabsresearch.com/product/glow-bpc-157-tb-500-ghk-cu/,64,64,,Lab Results,,0,0,USD,out_of_stock,no,1,9999,,https://biologixlabsresearch.com/wp-json/wc/store/v1/products?per_page=100&page=1,WooCommerce Store API,2026-07-28T01:58:14.057Z,high,"WooCommerce exposes 9999 as the purchase maximum; treat it as a storefront sentinel, not physical inventory."
biologixlabsresearch.com,BPC-157 + TB-500,https://biologixlabsresearch.com/product/tb-500-bpc-157/,36,36,,Lab Results,,0,0,USD,out_of_stock,no,1,9999,,https://biologixlabsresearch.com/wp-json/wc/store/v1/products?per_page=100&page=1,WooCommerce Store API,2026-07-28T01:58:14.057Z,high,"WooCommerce exposes 9999 as the purchase maximum; treat it as a storefront sentinel, not physical inventory."
biologixlabsresearch.com,TB-500,https://biologixlabsresearch.com/product/tb-501/,139,139,,Lab Results,,0,0,USD,out_of_stock,no,1,9999,,https://biologixlabsresearch.com/wp-json/wc/store/v1/products?per_page=100&page=1,WooCommerce Store API,2026-07-28T01:58:14.057Z,high,"WooCommerce exposes 9999 as the purchase maximum; treat it as a storefront sentinel, not physical inventory."
biologixlabsresearch.com,BPC-157,https://biologixlabsresearch.com/product/bpc-158/,32,32,,Lab Results,,0,0,USD,out_of_stock,no,1,9999,,https://biologixlabsresearch.com/wp-json/wc/store/v1/products?per_page=100&page=1,WooCommerce Store API,2026-07-28T01:58:14.057Z,high,"WooCommerce exposes 9999 as the purchase maximum; treat it as a storefront sentinel, not physical inventory."
biologixlabsresearch.com,GHK-CU,https://biologixlabsresearch.com/product/ghk-cu/,62,62,,Lab Results,,0,0,USD,out_of_stock,no,1,9999,,https://biologixlabsresearch.com/wp-json/wc/store/v1/products?per_page=100&page=1,WooCommerce Store API,2026-07-28T01:58:14.057Z,high,"WooCommerce exposes 9999 as the purchase maximum; treat it as a storefront sentinel, not physical inventory."
biologixlabsresearch.com,Retatrutide,https://biologixlabsresearch.com/product/retatrutide-1/,101,101,,Lab Results,,0,0,USD,out_of_stock,no,1,9999,,https://biologixlabsresearch.com/wp-json/wc/store/v1/products?per_page=100&page=1,WooCommerce Store API,2026-07-28T01:58:14.057Z,high,"WooCommerce exposes 9999 as the purchase maximum; treat it as a storefront sentinel, not physical inventory."
