domain,product_count,variant_count,price_min,price_median,price_max,currency,visible_stock_records,visible_in_stock_rate,exact_quantity_records,exact_quantity_sum,reta_product_count,reta_options_prices,coverage,extraction_methods,source_urls,captured_at,confidence,caveat
northlinelabs.org,43,69,19.99,99.99,439.99,USD,69,1,0,,1,Reta GLP-3 – Premium Research Peptide [Size: 50mg]: USD 299.99 | Reta GLP-3 – Premium Research Peptide [Size: 30mg]: USD 189.99 | Reta GLP-3 – Premium Research Peptide [Size: 20mg]: USD 129.99 | Reta GLP-3 – Premium Research Peptide [Size: 15mg]: USD 99.99 | Reta GLP-3 – Premium Research Peptide [Size: 10mg]: USD 79.99,complete_public_woo_store_api,WooCommerce Store API | WooCommerce Store API variation,https://northlinelabs.org/wp-json/wc/store/v1/products?per_page=100&page=1 | https://northlinelabs.org/wp-json/wc/store/v1/products?per_page=100&page=1&type=variation,2026-07-28T20:43:44.412Z,high,"Anonymous public WooCommerce Store API was paginated through all advertised pages. No account, gate, cart, or transaction was used."
bluumpeptides.com,46,75,15,65,469,USD,75,0.9333,0,,1,Retatrutide [10mg]: USD 125 | Retatrutide [15mg]: USD 159 | Retatrutide [20mg]: USD 199 | Retatrutide [30mg]: USD 279 | Retatrutide [60mg]: USD 469,complete_public_shopify_feed,Shopify public products feed,https://bluumpeptides.com/products.json?limit=250&page=1,2026-07-28T20:43:44.412Z,high,"Anonymous public Shopify product feed was paginated until empty. No account, gate, cart, or transaction was used."
ameanopeptides.com,78,81,4.99,53,215,USD,81,0.9506,0,,1,Reta/Cagri Blend – 12.5mg/2.5mg: USD 135,complete_public_woo_store_api,WooCommerce Store API | WooCommerce Store API variation,https://ameanopeptides.com/wp-json/wc/store/v1/products?per_page=100&page=1 | https://ameanopeptides.com/wp-json/wc/store/v1/products?per_page=100&page=1&type=variation,2026-07-28T20:43:44.412Z,high,"Anonymous public WooCommerce Store API was paginated through all advertised pages. No account, gate, cart, or transaction was used."
nexaph.com,53,64,116,198,828,USD,64,0.9375,0,,0,,complete_public_woo_store_api,WooCommerce Store API | WooCommerce Store API variation,https://nexaph.com/wp-json/wc/store/v1/products?per_page=100&page=1 | https://nexaph.com/wp-json/wc/store/v1/products?per_page=100&page=1&type=variation,2026-07-28T20:43:44.412Z,high,"Anonymous public WooCommerce Store API was paginated through all advertised pages. No account, gate, cart, or transaction was used."
ionpeptide.com,120,175,7,52.48,219,USD,175,0.7314,5,63,0,,complete_public_woo_store_api,WooCommerce Store API | WooCommerce Store API variation,https://ionpeptide.com/wp-json/wc/store/v1/products?per_page=100&page=1 | https://ionpeptide.com/wp-json/wc/store/v1/products?per_page=100&page=2 | https://ionpeptide.com/wp-json/wc/store/v1/products?per_page=100&page=1&type=variation,2026-07-28T20:43:44.412Z,high,"Anonymous public WooCommerce Store API was paginated through all advertised pages. No account, gate, cart, or transaction was used."
verifiedpeptides.com,64,67,28,62.1,220,USD,67,0.7313,0,,0,,complete_public_woo_store_api,WooCommerce Store API | WooCommerce Store API variation,https://verifiedpeptides.com/wp-json/wc/store/v1/products?per_page=100&page=1 | https://verifiedpeptides.com/wp-json/wc/store/v1/products?per_page=100&page=1&type=variation,2026-07-28T20:43:44.412Z,high,"Anonymous public WooCommerce Store API was paginated through all advertised pages. No account, gate, cart, or transaction was used."
primelabpeptides.com,41,41,12.5,85,1300,USD,41,0.9512,0,,6,Retatrutide – 6mg (10 Vials): USD 592.5 | Retatrutide – 24mg (10 Vials): USD 1300 | Retatrutide – 12mg (10 Vials): USD 875 | Retatrutide – 24mg: USD 195 | Retatrutide – 12mg: USD 150 | Retatrutide – 6mg: USD 90,complete_public_shopify_feed,Shopify public products feed,https://primelabpeptides.com/products.json?limit=250&page=1,2026-07-28T20:43:44.412Z,high,"Anonymous public Shopify product feed was paginated until empty. No account, gate, cart, or transaction was used."
modernaminos.com,156,220,4.99,59.5,279.2,USD,220,0.8364,0,,0,,complete_public_woo_store_api,WooCommerce Store API | WooCommerce Store API variation,https://modernaminos.com/wp-json/wc/store/v1/products?per_page=100&page=1 | https://modernaminos.com/wp-json/wc/store/v1/products?per_page=100&page=2 | https://modernaminos.com/wp-json/wc/store/v1/products?per_page=100&page=1&type=variation | https://modernaminos.com/wp-json/wc/store/v1/products?per_page=100&page=2&type=variation,2026-07-28T20:43:44.412Z,high,"Anonymous public WooCommerce Store API was paginated through all advertised pages. No account, gate, cart, or transaction was used."
peptidecrafters.com,76,76,12.99,65,355,USD,76,0.9079,0,,6,GLP-3 (R) 60mg – Standard Size Vial: USD 320 | GLP-3 (R) 65mg in large 8mL Capacity Vial: USD 355 | GLP-3 (R) 30mg: USD 205 | GLP-3 (R) 20mg: USD 160 | GLP-3 (R) 10mg: USD 80 | GLP-3 (R) 15mg (Tested @ 20mg) – SALE: USD 120,complete_public_woo_store_api,WooCommerce Store API,https://peptidecrafters.com/wp-json/wc/store/v1/products?per_page=100&page=1,2026-07-28T20:43:44.412Z,high,"Anonymous public WooCommerce Store API was paginated through all advertised pages. No account, gate, cart, or transaction was used."
directpeptides.com,1,1,139,139,139,USD,0,,0,,1,DP3-R [5mg / 10mg / 15mg / 30mg; single vial or 10-pack]: USD 139,partial_public_first_party_pages,Anonymous public first-party product page,https://directpeptides.com/products/dp3-r,2026-07-28T19:27:08.058Z,medium,"This is a bounded first-party page snapshot captured July 28, 2026, not a live feed or complete catalog enumeration. No account, gate, cart, or transaction was used."
biotechpeptides.com,91,98,16,82.5,320,USD,98,0.9592,0,,0,,complete_public_woo_store_api,WooCommerce Store API | WooCommerce Store API variation,https://biotechpeptides.com/wp-json/wc/store/v1/products?per_page=100&page=1 | https://biotechpeptides.com/wp-json/wc/store/v1/products?per_page=100&page=1&type=variation,2026-07-28T20:43:44.412Z,high,"Anonymous public WooCommerce Store API was paginated through all advertised pages. No account, gate, cart, or transaction was used."
purerawz.co,615,1595,0.96,65.02,1392.51,USD,1595,0.8903,0,,1,"Retatrutide + Tirzepatide Blend [Form: Peptides, Dose: 60mg]: USD 300",complete_public_woo_store_api,WooCommerce Store API | WooCommerce Store API variation,https://purerawz.co/wp-json/wc/store/v1/products?per_page=100&page=1 | https://purerawz.co/wp-json/wc/store/v1/products?per_page=100&page=2 | https://purerawz.co/wp-json/wc/store/v1/products?per_page=100&page=3 | https://purerawz.co/wp-json/wc/store/v1/products?per_page=100&page=4 | https://purerawz.co/wp-json/wc/store/v1/products?per_page=100&page=5 | https://purerawz.co/wp-json/wc/store/v1/products?per_page=100&page=1&type=variation | https://purerawz.co/wp-json/wc/store/v1/products?per_page=100&page=2&type=variation | https://purerawz.co/wp-json/wc/store/v1/products?per_page=100&page=3&type=variation | https://purerawz.co/wp-json/wc/store/v1/products?per_page=100&page=4&type=variation | https://purerawz.co/wp-json/wc/store/v1/products?per_page=100&page=5&type=variation | https://purerawz.co/wp-json/wc/store/v1/products?per_page=100&page=6&type=variation | https://purerawz.co/wp-json/wc/store/v1/products?per_page=100&page=7&type=variation | https://purerawz.co/wp-json/wc/store/v1/products?per_page=100&page=8&type=variation | https://purerawz.co/wp-json/wc/store/v1/products?per_page=100&page=9&type=variation | https://purerawz.co/wp-json/wc/store/v1/products?per_page=100&page=10&type=variation | https://purerawz.co/wp-json/wc/store/v1/products?per_page=100&page=11&type=variation | https://purerawz.co/wp-json/wc/store/v1/products?per_page=100&page=12&type=variation | https://purerawz.co/wp-json/wc/store/v1/products?per_page=100&page=13&type=variation | https://purerawz.co/wp-json/wc/store/v1/products?per_page=100&page=14&type=variation | https://purerawz.co/wp-json/wc/store/v1/products?per_page=100&page=15&type=variation | https://purerawz.co/wp-json/wc/store/v1/products?per_page=100&page=16&type=variation,2026-07-28T20:43:44.412Z,high,"Anonymous public WooCommerce Store API was paginated through all advertised pages. No account, gate, cart, or transaction was used."
oathresearch.com,49,90,10,80,325,USD,90,0.7778,1,1,1,GLP3-R [Size: 20mg]: USD 210 | GLP3-R [Size: 10mg]: USD 125 | GLP3-R [Size: 5mg]: USD 75,complete_public_woo_store_api,WooCommerce Store API variation,https://oathresearch.com/wp-json/wc/store/v1/products?per_page=100&page=1&type=variation,2026-07-28T20:43:44.412Z,high,"Anonymous public WooCommerce Store API was paginated through all advertised pages. No account, gate, cart, or transaction was used."
peptidessource.com,6,6,42,162.75,266,USD,0,,0,,6,GLP-3 RTA 5mg [5mg]: USD 42 | GLP-3 RTA 15mg [15mg]: USD 108.5 | GLP-3 RTA 20mg [20mg]: USD 147 | GLP-3 RTA 30mg [30mg]: USD 178.5 | GLP-3 RTA 40mg [40mg]: USD 238 | GLP-3 RTA 50mg [50mg]: USD 266,partial_public_first_party_pages,Anonymous public first-party product page,https://www.peptidessource.com/product-tag/weight-loss-peptide/,2026-07-28T19:27:08.058Z,medium,"This is a bounded first-party page snapshot captured July 28, 2026, not a live feed or complete catalog enumeration. No account, gate, cart, or transaction was used."
particlepeptides.com,1,1,113.81,113.81,113.81,EUR,1,1,0,,1,GLP-3 10mg [10mg]: EUR 113.81,partial_public_first_party_pages,Anonymous public first-party product page,https://particlepeptides.com/en/buy-peptides/95-glp-3-10mg.html,2026-07-28T19:27:08.058Z,medium,"This is a bounded first-party page snapshot captured July 28, 2026, not a live feed or complete catalog enumeration. No account, gate, cart, or transaction was used."
certified-pep.com,84,84,41,105,270,USD,84,0.9524,1,2,5,GLP-3 R/ CAGRI 12.5/2.5 MG: USD 200 | GLP3-R 60MG: USD 270 | GLP3-R 40MG: USD 220 | GLP3-R 30MG: USD 200 | GLP3-R 10MG: USD 140,complete_public_woo_store_api,WooCommerce Store API,https://certified-pep.com/wp-json/wc/store/v1/products?per_page=100&page=1,2026-07-28T20:43:44.412Z,high,"Anonymous public WooCommerce Store API was paginated through all advertised pages. No account, gate, cart, or transaction was used."
apex-peptides.com,1,1,,,,USD,0,,0,,1,Retatrutide: price unknown,gated_public_catalog_unknown,Anonymous public first-party product page,https://apex-peptides.com/products/retatrutide,2026-07-28T19:27:08.058Z,medium,"This is a bounded first-party page snapshot captured July 28, 2026, not a live feed or complete catalog enumeration. No account, gate, cart, or transaction was used."
planetpeptide.com,3,3,140,650,950,USD,0,,0,,3,Retatrutide-RUO 30mg [30mg single vial]: USD 140 | Retatrutide-RUO 10mg bulk [10mg × 10 vials]: USD 650 | Retatrutide-RUO 20mg bulk [20mg × 10 vials]: USD 950,partial_public_first_party_pages,Anonymous public first-party product page,https://planetpeptide.com/shop/retatrutide-ruo-30mg/ | https://planetpeptide.com/product-category/bulk-offers/,2026-07-28T19:27:08.058Z,medium,"This is a bounded first-party page snapshot captured July 28, 2026, not a live feed or complete catalog enumeration. No account, gate, cart, or transaction was used."
