"Category","Date","Source","URL","Actor or role","Evidence","Signal","Confidence","Bullshit risk","OVO action"
"Biologix direct","2026-05-11","Biologix Research Partners","https://biologixlabsresearch.com/partners/","Named brand","Offers 15% on every sale, weekly payouts, 10% customer code, Instagram and TikTok signup fields","Existing affiliate infrastructure","High","1.5","Export current links, codes, sales, and payouts before building anything"
"Biologix direct","2026-05-11","Biologix Affiliate Terms","https://biologixlabsresearch.com/affiliate-terms-and-conditions/","Named brand","Signup requires terms but the public page has no substantive terms","Critical program gap","High","1.5","Stop creator activation until counsel-approved terms and claims controls exist"
"Biologix direct","Current 2026","Biologix Contact Us","https://biologixlabsresearch.com/contact-us/","Named brand","Public contact surface exposes support email but no direct WhatsApp or telephone link found","Supports private-forwarding hypothesis","Medium-high","2","Run seven-day WhatsApp source tagging"
"BHW acquisition","2024-08-25","Yet another Newbie","https://www.blackhatworld.com/seo/yet-another-newbie.1630046/","Self-described US/Canada operator","Sales said to be organic and mostly referrals","Working","Medium","3","Treat referral trust as the baseline channel"
"BHW journey","2025-10-23","Launching peptide website","https://www.blackhatworld.com/seo/launching-peptide-website-and-wondering-if-i-should-cloak-for-cc-processor.1765876/","Owner later confirmed","Stripe blocked the site before launch","Failing","Medium-high","2.5","Payment continuity is a launch gate"
"BHW journey","2025-12-18","TikTok accounts keep getting banned","https://www.blackhatworld.com/seo/any-peptide-marketing-tips-tiktoks-accs-keep-getting-banned.1780375/","Same owner","Educational slideshows got reach but accounts and ads were removed while owner still sought first customer","Failing","High qualitative","2","Reach is not conversion; do not depend on TikTok"
"BHW journey","2026-03-03","Klaviyo suspension","https://www.blackhatworld.com/seo/email-marketing-platform-for-peptides-banned-on-klaviyo.1797723/","Same owner","ESP disabled account; signup records lost; checkout and customer contacts remained","Failing then recovered","High qualitative","2","Own and export consent and event data"
"BHW journey","2026-03-03","Reddit targeted ads","https://www.blackhatworld.com/seo/reddit-targeted-ads-for-peptides.1797725/","Same owner","Was already providing useful information in niche subreddits","Unproven paid channel","Medium","2.5","Community participation is a hypothesis, not an ROI result"
"BHW journey","2026-03-28 to 2026-05-08","Affiliate recruitment","https://www.blackhatworld.com/seo/are-there-better-methods-to-get-affiliates-than-cold-dm-for-usa-peptide-company.1804029/","Same owner","Cold DMs worked but looked like spam; 30% offer; inbound affiliate-seeking content later called amazing","Working directionally","High qualitative","2","Recruit warm partners with content; verify contribution economics"
"BHW affiliate","2026-01-13","IG affiliate recruiter hiring","https://www.blackhatworld.com/seo/wtb-hiring-experienced-ig-dm-outreach-guy-for-research-peptides-affiliates-pays-well-recurring.1785954/","Self-described owner","15% lifetime recurring and a target of 5 to 20 affiliates per month","Offer benchmark","Medium-high","2.5","15% is a credible lower benchmark"
"BHW affiliate","2026-04-21 to 2026-05-30","Peptides for Affiliates","https://www.blackhatworld.com/seo/peptides-for-affiliates.1810864/","Affiliates and promoters","Direct private offers appear more common; one affiliate claims 10% to 20% and negotiated 20%","Offer benchmark","Medium-low","3.5","Model 15% to 20%; treat 30% as an aggressive tier"
"BHW failure","2026-04-21","Chinese dropshipper after one month","https://www.blackhatworld.com/seo/chinese-dropshipper-selling-peptides-1-month-in-need-traffic-advice.1810953/","Direct operator","Cheap supply was easy; nine sales; Facebook CAC unprofitable","Failing","Medium","3","Supply is not the moat"
"BHW payments","2026-03-04","Pharma Payment Processor","https://www.blackhatworld.com/seo/pharma-payment-processor.1797960/","Self-described owner","About $20K monthly before local P2P payments were banned","Failing","Medium","3","Normalize fees, reserves, downtime, and frozen cash"
"BHW fulfillment","2026-05-11","Peptide-friendly 3PL request","https://www.blackhatworld.com/seo/peptide-friendly-3pl-recommendations.1815801/","Brand or operator","Needs US 3PL at 50 to 150 monthly orders with batch tracking and discreet packing","Operations gap","Medium-high","2.5","Audit lot traceability, label accuracy, and support references"
"Reddit economics","2026-04","Successful peptide business","https://www.reddit.com/r/Investors/comments/1sks0l0/successful_peptide_business/","Long-standing account claiming owner and former contractor","Claims own business near $1.5M monthly; extreme markup; poor exit prospects","Large but unverified","Medium","2.5","Use only as directional economics and exit-risk evidence"
"Reddit growth","2026-04","BioHumanEvolution in investor thread","https://www.reddit.com/r/Investors/comments/1sks0l0/successful_peptide_business/","Community moderator and apparent operator-marketer","Claims first $500K month with organic and affiliates before paid ads","Working but unverified","Medium","2.5 to 3","Warm organic and affiliate mix is the strongest test"
"Reddit broker","2026-04","Vaddawg in investor thread","https://www.reddit.com/r/Investors/comments/1sks0l0/successful_peptide_business/","Payment processor or broker","Claims client at $5.2M monthly sales and $3M pretax seeking exit","Promotional extraordinary claim","Low-medium","3.5","Require bank and processor proof"
"Reddit small owner","2026-03","Reselling peptides","https://www.reddit.com/r/Entrepreneurs/comments/1r5o6pd/reselling_peptides/","Small Canadian owner","Eight months, local word of mouth and repeat, about $12K monthly","Working modestly","Medium","2.5","Start with repeat and referrals before paid scale"
"Reddit community","2026-04","RUO payment thread","https://www.reddit.com/r/PaymentProcessing/comments/1s6grj5/ruo_peptide_business_finally_resolved_payment/","Owners and peer operators","One commenter claims $40K monthly from a combined 4K-member Discord and Telegram audience without ads","Private-community signal","Medium-low","3","Measure private-group referrals, do not assume the number"
"Reddit affiliate","2026-06","Mission Peptides recruitment","https://www.reddit.com/r/influencermarketing/comments/1u7v61n/looking_for_affiliates_for_my_peptide_company/","Named live brand founder","Claims $25K monthly; offers 20% plus product using SliceWP","Named offer","Medium-high","2.5","20% is a concrete named-brand benchmark"
"Reddit affiliate","2026-07-10","Peptide company affiliates","https://www.reddit.com/r/influencermarketing/comments/1usm5hn/looking_for_affiliates_for_my_peptide_company/","Self-described owner","Claims $20K monthly; offers first ten affiliates 30%, then 20%","Offer benchmark","Medium-low","3","Use founding tier only if settled CM2 supports it"
"Reddit affiliate","2026-04 to 2026-05","Helixion Labs offer","https://www.reddit.com/r/influencermarketing/comments/1sat9qv/affiliate_for_peptides_30_commission/","Named brand","Offers 30% through GoAffPro; little public response","Weak recruitment","Medium-low","3","Posting a commission offer is not creator activation"
"Reddit quality","2026-06-24","US RUO company doing $150K monthly","https://www.reddit.com/r/PaymentProcessing/comments/1uetrku/us_based_ruo_peptide_company_doing_150k_per_month/","Self-described owner","Claims own facility, inventory, independent retest of every batch, and shipment with US results; still needs processor","Quality and payment signal","Medium-high","2.5","Treat testing as retention and payment continuity as separate gate"
"Reddit payments","2026-02","Payment scaling cliff","https://www.reddit.com/r/PaymentProcessing/comments/1rkdd0e/after_watching_a_few_peptide_brands_cross/","Processor or insider","Says review, reserves, and slower settlement intensify near $150K to $200K monthly","Scaling risk","Medium","2.5 to 3","Stress-test cash at scale"
"Reddit payments","2026-05","Three-year RUO owner still seeks cards","https://www.reddit.com/r/PaymentProcessing/comments/1tkw0qx/is_there_really_no_way_to_process_cards_in_ruo/","Self-described owner","Still cannot find easy stable card processing after three years","Persistent failure","Medium-high","2.5","Do not model payment continuity as solved"
"Private-channel mechanism","2026-03-29","ZLZ test-results thread","https://www.thinksteroids.com/community/threads/zlz-peptide-test-results-multiple-compounds-pending-janoshik.134438915/","Source-adjacent independent tester","Supplier main WhatsApp returns a sales-agent list; referral credits fund more tests","Direct propagation evidence","High","2","Unique agent links and referral credits explain number circulation"
"Private-channel mechanism","2025 to 2026","ProfessionalMuscle representative signature","https://www.professionalmuscle.com/forums/index.php?threads%2Fretatrutide.184096%2Fpost-3519321=","Established forum representative","Persistent WhatsApp, Telegram, email, store, and testing links appear on unrelated posts","Direct propagation evidence","High","1.5","A single seeded contact can circulate indefinitely"
"Forum trust","2026-02-10","Why MESO is not a source board","https://thinksteroids.com/community/threads/why-meso-rx-is-not-a-source-board.134436185/","Forum administrator","Rejects permanent trusted-source status; reliability should remain provisional and test-based","Trust model","High","1.5","Use batch-specific evidence and visible remediation, not a permanent badge"
"Forum quality","2026-05-31","COA and purity debate","https://thinksteroids.com/community/threads/the-demand-for-coas-and-purity-will-be-the-downfall-of-gray-market-peptides.134442789/","Community debate","COAs became table stakes while supplier paperwork and mislabeled batches remain concerns","Trust saturation","High directional","2","Verify lot, lab, chain, date, and remediation"
"Deal comp","2026-04-16","Project Scooby Snacks broker listing mirror","https://www.bizquest.com/business-for-sale/biotech-research-compound-firm-proprietary-u-s-domestic-lab/BW2495415/","Broker and seller","$14.5M ask on $12.33M gross income and $3.69M cash flow","Public asking comp","High for listing; low for audited performance","2.5","Do not call asking price an offer or close"
"Deal investigation","2026-05-20","Inside the Direct Peptides machine","https://krysia0430.substack.com/p/so-you-want-to-buy-an-ruo-peptide","Independent writer using investor memo","Describes paid acquisition, retention, customer data, ERP, fulfillment, payments, SOPs, and inventory as sale assets","Transferability lesson","Medium-high","2.5","Build systems a buyer can take over"
"Deal investigation","2026-06-04","Direct Peptides and Horizon Analytical","https://krysia0430.substack.com/p/direct-peptides-and-horizon-analytical","Independent writer","Says listing later marked sold; buyer and price unknown; raises testing-independence questions","Sale-status nuance","Medium-high","2.5","Verify actual close and testing independence"
"Failed founder","2026-05-06","The 20-year-old who tried to start","https://krysia0430.substack.com/p/the-20-year-old-who-tried-to-start","Anonymous young ecommerce operator","Built the stack then abandoned launch over payments, testing trust, weak white-label economics, and missing distribution partner","High-value failure","Medium","3","Run fully loaded margin and test supply before launch"
"Founder media","2025-11-01","Beyond the Vial, Peptira","https://open.spotify.com/episode/2Mb1NZieQQmU5HXKvhb3q7","Named young founder","Founder media sits beside community, comparison content, coupons, testing, and affiliates","Working architecture","Medium","2.5","Combine trust media with measurable partner operations"
"Founder community","2026","Peptide Price community","https://www.skool.com/peptide-price-9771?c=652a08faeaf349468f4c558677551daf","Named comparison/community operator","Large public community used for education and vendor discovery","Distribution surface","Medium-high observable","2","Community can be the moat, but paid-vendor conflicts must be explicit"
"Regulatory","Current 2026","FDA concerns with unapproved GLP-1 drugs","https://www.fda.gov/drugs/drug-alerts-and-statements/fdas-concerns-unapproved-glp-1-drugs-used-weight-loss","FDA","Retatrutide is unapproved, not found safe or effective, and cannot be used in compounding under federal law","Hard red line","High","1","No consumer RUO retatrutide demand generation"
"Regulatory","2026-03-31","Gram Peptides warning","https://www.fda.gov/inspections-compliance-enforcement-and-criminal-investigations/warning-letters/gram-peptides-721806-03312026","FDA","RUO language did not overcome human-use claims and surrounding sales context","Current enforcement","High","1","Judge the whole funnel, not the disclaimer"
"Regulatory","2025-02-26","USApeptide warning","https://www.fda.gov/inspections-compliance-enforcement-and-criminal-investigations/warning-letters/usapeptidecom-696885-02262025","FDA","Research, lab, and not-for-human-use labels did not overcome intended-use evidence","Current enforcement","High","1","Do not let affiliates contradict RUO posture"
"Regulatory","2025-12-10","Paradigm Peptides case","https://www.justice.gov/usao-ndin/united-states-v-matthew-kawa","DOJ","Owner and employee pleaded guilty after peptide operation shipped to thousands of US customers","Adjudicated enforcement","High","1","Revenue scale does not neutralize enforcement exposure"
"Regulatory","Current","Objective intended use","https://www.ecfr.gov/current/title-21/chapter-I/subchapter-C/part-201/subpart-D/section-201.128","Federal regulation","Seller and representative statements plus distribution circumstances can establish intended use","Controlling rule","High","1","Creator copy and private routing are part of the evidence"
"Regulatory","Current","FTC Endorsement Guides","https://www.ecfr.gov/current/title-16/chapter-I/subchapter-B/part-255/section-255.1","Federal regulation","Advertisers, endorsers, agencies, and similar intermediaries can face liability","OVO exposure","High","1","Written clearance, pre-approval, monitoring, correction, and disclosure"
"Regulatory","Current","FTC Health Products Compliance Guidance","https://www.ftc.gov/business-guidance/resources/health-products-compliance-guidance","FTC","Testimonials are not substantiation; overall express and implied health claims require competent reliable evidence","Claims standard","High","1","No creator improvisation or outcome testimonials"
