"day","week","pillar","title","format","channel","buyer_stage","search_or_share","primary_goal","cta","evidence_required","status"
"1","1","Brand thesis","Peptide science refined: designing desire without invented proof","founder article","Learn + LinkedIn","awareness","shareable","Introduce the OVO Labs retail house and its boundaries","Explore the concept storefront","Interface screenshots and fiction-state review","planned"
"3","1","Product finding","Why technical ecommerce still needs a visible search bar","article","Learn","awareness","searchable","Establish search-first position","Try product search","Baymard and Oaktree citations","planned"
"5","1","Product finding","A five-second tour of the OVO Labs storefront","screen walkthrough","Learn + YouTube","awareness","both","Show the complete journey","Browse Shop","Current desktop and mobile captures","planned"
"8","2","Testing states","What “No result reported” actually means","article","Learn","awareness","searchable","Define the honest default state","Open Testing & COAs","Claims-editor review","planned"
"10","2","Product finding","The anatomy of a useful peptide product card","diagram","Learn + LinkedIn","consideration","both","Explain OVO Labs card decisions","Compare concept cards","Rendered card evidence","planned"
"12","2","Market intelligence","Seven peptide storefront patterns worth testing","teardown","Learn","consideration","both","Convert competitor observations into hypotheses","Read the competitor audit","Current source links and evidence grades","planned"
"15","3","Testing states","Specification versus observed result","article","Learn","awareness","searchable","Prevent evidence category errors","Inspect a product testing state","Primary scientific or standards sources","planned"
"17","3","Product finding","Search by name code or category: the OVO Labs synonym model","product note","Learn","implementation","searchable","Explain search behavior","Try three example searches","Search QA matrix","planned"
"19","3","Ecommerce evidence","Why OVO Labs shows no star ratings","short essay","LinkedIn + Learn","consideration","shareable","Turn absence of reviews into a trust principle","View the product grid","Gym King case citation and claims review","planned"
"22","4","Product finding","Four categories instead of a wall of products","article","Learn","consideration","both","Explain category architecture","Browse a category","Catalog data and Oaktree citation","planned"
"24","4","Ecommerce evidence","What a PDP must answer before the first scroll","checklist","Learn + LinkedIn","consideration","both","Define the decision block","Open an OVO Labs PDP","Rendered PDP and case-study citations","planned"
"26","4","Testing states","The six fields missing when no report exists","interactive explainer","Testing & COAs","consideration","searchable","Make absence specific","Search a product code","Testing-state data model","planned"
"29","5","Mobile commerce","Two complete product cards per mobile viewport","design note","Learn + LinkedIn","consideration","shareable","Explain density and readability tradeoff","View the mobile catalog","390 × 844 captures and Gym King citation","planned"
"31","5","Performance","Why the hero image is not lazy-loaded","engineering article","Learn","implementation","searchable","Connect performance to merchandising","Review the performance checklist","web.dev Nuvemshop citation and build evidence","planned"
"33","5","Product finding","How OVO Labs handles a zero-result search","screen walkthrough","Learn + YouTube","implementation","both","Demonstrate recovery behavior","Try an unmatched search","Search QA capture","planned"
"36","6","Market intelligence","American Peptides storefront teardown","audit article","Learn","consideration","both","Separate transferable mechanics from claim risk","Compare the OVO Labs homepage","Current public-page observations and evidence labels","planned"
"38","6","Market intelligence","Modern Peptides document-state teardown","audit article","Learn","consideration","both","Explain current pending and historical states","Open Testing & COAs","Current public-page observations","planned"
"40","6","Market intelligence","Scientific suppliers versus direct-response stores","comparison","Learn + LinkedIn","awareness","both","Show OVO Labs' synthesis","Read the full audit","Primary supplier pages","planned"
"43","7","Ecommerce evidence","The local demo cart: complete interaction bounded commerce","product note","Learn","consideration","shareable","Explain cart scope","Add a concept item","Cart QA and privacy review","planned"
"45","7","Accessibility","Keyboard-testing an ecommerce drawer end to end","checklist","Learn","implementation","searchable","Show functional quality","Run the keyboard checklist","WCAG references and QA evidence","planned"
"47","7","Product finding","How filters preserve context instead of resetting the shopper","article","Learn","implementation","searchable","Explain collection-state design","Filter the catalog","Filter QA matrix and Baymard citation","planned"
"50","8","Testing states","A report is not a product claim","article","Learn","awareness","both","Separate literature product and evidence","Open Testing & COAs","Primary sources and claims review","planned"
"52","8","Brand thesis","What OVO Labs refuses to fabricate","manifesto","Learn + LinkedIn","awareness","shareable","Codify proof rules","Read the company thesis","Current interface and governance documents","planned"
"54","8","Product finding","Concept sets without protocols or outcome claims","product note","Learn","consideration","both","Explain transparent bundle anatomy","Browse concept sets","Concept-set data and claims review","planned"
"57","9","Ecommerce evidence","The state library every technical storefront needs","guide","Learn","implementation","searchable","Define loading empty error success and focus states","Review OVO Labs states","Fable contract and rendered evidence","planned"
"59","9","Market intelligence","What broad catalogs gain and lose","analysis","Learn + LinkedIn","consideration","both","Explain breadth versus findability","Browse OVO Labs' narrow catalog","Competitor observations and Baymard citation","planned"
"61","9","Performance","OVO Labs performance budget: images fonts scripts and motion","technical note","Learn","implementation","searchable","Publish measurable guardrails","View the performance checklist","Lighthouse and asset data","planned"
"64","10","Product finding","The product-code advantage","article","Learn","awareness","searchable","Explain stable identity in search and support","Search OVO-001","Catalog model and scientific-supplier examples","planned"
"66","10","Testing states","Planned pending reported reviewed rejected","state guide","Learn","consideration","searchable","Define future report states without implying reports exist","Open the state glossary","Operating-model definitions and claims review","planned"
"68","10","Ecommerce evidence","Why every visible control has to work","QA article","Learn + LinkedIn","implementation","shareable","Establish no-no-op rule","Test the demo end to end","QA results","planned"
"71","11","Market intelligence","Quarterly peptide storefront UX benchmark: method","methodology","Learn","awareness","both","Publish the scoring system before results","Read the scorecard","Dated captures and evidence rubric","planned"
"73","11","Market intelligence","Quarterly peptide storefront UX benchmark: findings","report","Learn + LinkedIn","consideration","both","Establish transparent category intelligence","Download the audit table","Completed audit with dated source set","planned"
"75","11","Product finding","What zero-result searches teach the catalog team","analysis","Learn","implementation","searchable","Turn behavior into taxonomy work","Try product search","Aggregate non-sensitive search data","planned"
"78","12","Accessibility","Mobile menu and cart focus: the hidden conversion path","screen walkthrough","Learn + YouTube","implementation","both","Demonstrate accessible interactions","Open the mobile demo","Keyboard and screen-reader QA","planned"
"80","12","Ecommerce evidence","What the first 10 usability sessions changed","research report","Learn + LinkedIn","consideration","shareable","Show learning without inventing outcomes","Read the change log","Actual moderated-session notes","blocked_pending_research"
"82","12","Brand thesis","A fiction banner is not a compliance system","article","Learn","awareness","both","Explain the current boundary","Read the launch gates","FDA sources and legal review","planned"
"85","13","Testing states","Testing & COAs end-to-end walkthrough","screen walkthrough","Learn + YouTube","consideration","both","Demonstrate identity-first empty states","Search a product code","Current rendered evidence","planned"
"87","13","Ecommerce evidence","Control versus variant: how OVO Labs will run honest CRO","playbook","Learn","implementation","searchable","Publish test governance","Review the experiment backlog","Experiment templates and analytics dictionary","planned"
"89","13","Company building","OVO Labs' 12-month roadmap and kill criteria","founder article","Learn + LinkedIn","decision","shareable","Show disciplined company thinking","Read the roadmap","Board-reviewed roadmap","planned"
"90","13","Company building","Ninety-day review: what the storefront proves and what it does not","report","Learn","decision","both","Close the cycle with evidence boundaries","Explore the revised storefront","Actual analytics QA and research evidence","blocked_pending_data"
