id,accessed_date,source_date,source_type,company_or_topic,title,url,evidence_summary,short_quote,confidence,verification_status,noli_lesson,risk_category,net_new_status
S001,2026-07-27,2026-07-15,Reddit forum,Payment processing,Looking for payment processor RUO Peptide Business,https://www.reddit.com/r/PaymentProcessing/comments/1uwyosb/looking_for_payment_processor_ruo_peptide_business/,"Founder says multiple high-risk processors required six-figure MRR; commenters describe continued instability even at volume.","they all require six-figures/MRR",C,"Anonymous operator claim; no underwriting documents","Secure written approval before inventory or traffic; never misclassify the business",Payments,New
S002,2026-07-27,2026-07-26,Reddit forum,Payment processing,RUO PEPTIDE PAYMENT,https://www.reddit.com/r/PaymentProcessing/comments/1v7i9ph/ruo_peptide_payment/,"A startup around $5,000 monthly seeks a processor; replies say low-volume options are limited and unstable.","around $5,000 USD per month",C,"Anonymous operator and commenter claims","Model startup payment availability before launch",Payments,Fresh update
S003,2026-07-27,current 2026-07-27,Official processor policy,Stripe,Prohibited and Restricted Businesses List FAQ,https://support.stripe.com/questions/prohibited-and-restricted-businesses-list-faqs?locale=en-GB,"Stripe says some research peptides may be supported with preventive measures and that each account is reviewed independently.","review independently each account",A,"Official current policy; exact merchant approval remains unknown","Get written approval for exact catalog, claims, flow, and controls",Payments,Current recheck
S004,2026-07-27,updated 2026-07-21,Customer review,LabTrust Peptides,LabTrust Trustpilot profile,https://www.trustpilot.com/review/labtrustpeptides.com,"Reviewer alleges an order was overlooked and the card statement showed a different LLC, followed by a dispute.","not made by a company named Lab Trust",C,"Single unprompted review; allegations not independently adjudicated","Disclose exact statement descriptor before and after payment",Checkout trust,New
S005,2026-07-27,updated 2026-07-21,Customer review,LabTrust Peptides,LabTrust refund evidence complaint,https://www.trustpilot.com/review/labtrustpeptides.com,"Reviewer says an initial refund receipt had no transaction number and appeared unverifiable.","had no transaction number",C,"Single unprompted review; refund outcome not independently verified","Refund confirmations need processor reference and settlement window",Refunds,New
S006,2026-07-27,2026-05-27,Customer review,PeptidePro,Payment did not appear in account,https://www.trustpilot.com/review/peptidepro.io,"Reviewer says named support reconciled a payment that did not appear and advanced the order.","confirmed the payment",C,"Single unprompted review","Create a payment-exception queue with named ownership",Checkout support,New
S007,2026-07-27,2026-06-02,Customer review,PeptidePro,Bank payment problem resolved,https://www.trustpilot.com/review/peptidepro.io,"Reviewer says support helped resolve a bank payment issue and the order was sent.","outstanding in helping resolve the issue",C,"Single unprompted review","Measure payment exception resolution time and conversion recovery",Checkout support,New
S008,2026-07-27,2026-05-01,Customer review and company reply,Apex Peptide Supply,Sketchy Payments,https://www.trustpilot.com/review/apexpeptidesupply.com,"Reviewer abandoned a checkout that appeared to require a crypto account; company said it was testing the flow and planned standard card checkout.","Secure checkouts shouldn't feel complicated",B/C,"Company reply verifies its test; abandonment is one review","Explain extra verification before click and test mobile completion",Checkout UX,New
S009,2026-07-27,2026-07-03,Company reply,R-Phase,Overwhelmed team and higher order volume,https://www.trustpilot.com/review/r-phase.com,"Company says higher-than-expected volume caused shipping and support delays.","small, currently overwhelmed team",B,"Direct company admission on public review page","Capacity-gate promotions and pause spend when queues exceed limits",Scaling,New
S010,2026-07-27,2026-07-03,Company reply,R-Phase,Email deliverability and missing confirmations,https://www.trustpilot.com/review/r-phase.com,"Company says some German email providers blocked confirmations while fulfillment and support were delayed.","known deliverability issue",B,"Direct company reply","Provide a bookmarkable mobile order-status page",Order UX,New
S011,2026-07-27,2026-07-03,Company reply,R-Phase,Customers redirected to Discord,https://www.trustpilot.com/review/r-phase.com,"Company repeatedly directs missing-order customers to Discord for resolution.","reach out via our Discord",B,"Direct company reply","Keep community chat separate from the auditable order record",Support operations,New
S012,2026-07-27,2026-07-18,Customer review and company reply,NextGen Peptides,Incomplete order and refund friction,https://uk.trustpilot.com/review/nextgenpeptides.nl,"Reviewer says an unavailable item accepted payment and was omitted; company discusses refund constraints in reply.","missing one of the products",B/C,"Company reply confirms dispute but not every allegation","Reserve stock at authorization and offer refund before partial ship",Inventory,New
S013,2026-07-27,2026-07-01,Customer review and company reply,NextGen Peptides,Unlabeled pens and COA mismatch allegation,https://uk.trustpilot.com/review/nextgenpeptides.nl,"Reviewer alleges an unlabeled pen and no unit-to-COA match; company acknowledges labels were delayed.","our labels were delayed",B/C,"Label delay admitted; broader traceability claim unverified","Never ship unlabeled units; scan unique lot at packout",Product identity,New
S014,2026-07-27,2026-07-10,Customer review,NextGen Peptides,Identical batch number allegation,https://uk.trustpilot.com/review/nextgenpeptides.nl,"Reviewer alleges different items and a friend's different order shared batch numbers.","had the same batch numbers",C,"Single reviewer allegation","Enforce unique lot identity and quarantine any mismatch",Product identity,New
S015,2026-07-27,2026-05-01,Customer review,Aura Peptides,Mislabeled and loose vials,https://www.trustpilot.com/review/aurapeptides.com,"Reviewer alleges four loose vials, a wrong label, and a store-credit-only remedy.","Mine were labeled wrong",C,"Single unprompted review","Use scan-based packout and refund identity incidents",Fulfillment,New
S016,2026-07-27,updated 2026-03-19,Customer review,Aura Peptides,Broken vial,https://www.trustpilot.com/review/aurapeptides.com,"Reviewer reports a delayed package arriving with a broken vial.","it came broken",C,"Single unprompted review","Validate packaging with drop testing and damage tracking",Packaging,New
S017,2026-07-27,2026-06-08,Company reply,MyPurePeptide,Repeated reships exceeded original order cost,https://www.trustpilot.com/review/mypurepeptide.com,"Company says multiple replacements plus overnight shipping cost more than the order.","spent more on replacements",B,"Direct company reply","Track recovery cost and remove repeated root causes",Unit economics,New
S018,2026-07-27,updated 2026-05-17,Customer review,Nexus Peptides,Public recovery reversed distrust,https://www.trustpilot.com/review/nexuspeptides.com,"Reviewer updated from nonresponse and distrust to five stars after contact and correct shipment.","shipped the product, and it was quick and correct",C,"Editable unprompted review","Use fast, visible, privacy-safe recovery",Customer recovery,New
S019,2026-07-27,2026-05-15,Customer review,BioPeptiTech,Missing item replaced overnight,https://www.trustpilot.com/review/biopeptitech.com,"Reviewer says a missing unit was express shipped overnight.","express shipped it overnight",C,"Single unprompted review","Define when expedited replacement is justified",Customer recovery,New
S020,2026-07-27,2026-04-23,Customer review,BioPeptiTech,No-hassle refund,https://www.trustpilot.com/review/biopeptitech.com,"Reviewer says management issued a full refund without requiring a return.","full refund with absolutely no hassle",C,"Single unprompted review","Model generous remedies inside contribution margin",Customer recovery,New
S021,2026-07-27,2026-04-01,Customer review,Southern Aminos,Popularity and stockouts,https://www.trustpilot.com/review/southernaminos.com,"Reviewer says a sale and growing popularity coincided with many out-of-stock items.","getting too popular",C,"Single review; causal link unverified","Tie promotions to allocated stock and safety cover",Inventory,New
S022,2026-07-27,accessed 2026-07-27,Founder community reply,Peptide Plugs,COA page created after customer feedback,https://www.peptideplugs.com/groups,"Founder says a customer question led to a standalone COA page.","created a separate COA page",B,"Public founder reply; page date is relative","Make lot proof easy to find on mobile at every decision point",Evidence UX,New
S023,2026-07-27,2026-07-14,Affiliate recruitment,AminoHack,Looking for Affiliates,https://www.reddit.com/r/influencermarketing/comments/1uvu8fd/looking_for_affilates/,"Company recruitment offers 20 percent commission plus complimentary product.","20% plus complementary products",A,"Public offer; economics and payouts not audited","Do not compete on commission alone",Affiliates,New
S024,2026-07-27,2026-05-04,Affiliate recruitment,Unknown UK/EU peptide company,Creator recruitment,https://www.reddit.com/r/influencermarketing/comments/1t3ey6f/hey_friends_from_uk_and_eu/,"Recruiter offers 25 percent commission and a 15 percent audience discount.","25% commission on every sale",A,"Public offer; company identity and economics unresolved","Treat commission as commodity; protect margin",Affiliates,New
S025,2026-07-27,2026-06-24,Affiliate recruitment,Mytide Lab,Wellness creator affiliate partnership,https://www.reddit.com/r/influencermarketing/comments/1ueqa9v/looking_for_wellness_creators_interested_in_a_new/,"Offer combines 20 percent, free product, creative assets, private Discord, and direct support.","Creative assets and promotional support",A,"Public offer; performance not audited","Win on onboarding, creative, attribution, and payout trust",Affiliates,New
S026,2026-07-27,2026-03-18,Affiliate forum,Evolve Peptides,Peptide brand looking for creators,https://www.reddit.com/r/influencermarketing/comments/1rx78rh/peptide_brand_looking_for_creators_20_commission/,"Commenter alleges unpaid affiliates and copycat signup pages; another claims large referred sales.","they haven't been paid",D,"Anonymous allegations and revenue claim","Publish settled-order statements and payout rules",Affiliate trust,New
S027,2026-07-27,2026-05-21,Commercial founder case study,Ethos Peptides,How Ethos creates professional videos,https://www.renderforest.com/blog/how-ethos-peptides-creates-professional-videos,"Founder is described as a November 2025 solopreneur with a full-time job who keeps marketing in-house.","runs it as a solopreneur",C,"Named founder in vendor-authored case study","Reduce founder bottlenecks with reusable content templates",Founder operations,New
S028,2026-07-27,2026-05-21,Commercial founder case study,Ethos Peptides,Video production time savings,https://www.renderforest.com/blog/how-ethos-peptides-creates-professional-videos,"Case study says intro and outro creation fell from about two hours to minutes.","around two hours to minutes",C,"Commercial case study; result not independently audited","Template recurring content while preserving founder voice",Content operations,New
S029,2026-07-27,current 2026-07-27,Company-controlled link hub,Ethos Peptides,Ethos Linktree,https://linktr.ee/ethospeptides,"Six-month-old account links TikTok, backup TikTok, WhatsApp, newsletter, store, Discord, and Clapper.","Joined December 2025",A,"Page verifies linked channel set","Use one owned hub, one primary social channel, and owned email",Channel strategy,New
S030,2026-07-27,current 2026-07-27,Company-controlled link hub,Ethos Peptides,Protocol community beside RUO disclaimer,https://linktr.ee/ethospeptides,"Page invites visitors to share protocols while stating products are not for human or animal use.","share protocols",A,"Page proves displayed language, not actual community behavior","Align community, store, support, and claims with one lawful intended use",Intended use,New
S031,2026-07-27,2026-06-23 to 2026-03-18,Customer reviews and company replies,Evolve Peptides,Evolve Trustpilot profile,https://www.trustpilot.com/review/evolvepeptides.com,"Public reviews describe injection, symptoms, weight-loss use, and Reta; company replies with RUO disclaimer.","all of our products are intended strictly for research",A/C,"Page content is public; customer experiences are unverified","Monitor public reviews and remove intended-use contradictions from the full system",Intended use,New
S032,2026-07-27,current 2026-07-27,Editorial and affiliate disclosure,PepGuide,Peptide Guide vendor scoring and price tracker,https://pepguide.net/,"Site scores vendors and shows prices while disclosing possible referral, affiliate, discount, or sponsor benefits.","may receive referral fees",A,"Direct public disclosure","Separate automated audit governance from commercial compensation",Conflict of interest,Current recheck
S033,2026-07-27,2026-07-12,Reddit community post,PeptideGuide,Ambassadors reviewers and manufacturing,https://www.reddit.com/r/PeptideGuide/comments/1uulocl/approved_opportunity_brand_ambassadors_reviewers/,"Post recruits reviewers and ambassadors while saying the team is expanding into US-based manufacturing.","expanding into U.S.-based manufacturing",A,"Public post; manufacturing capability not independently verified","Disclose conflicts and keep reviewer scoring independent",Community governance,New
S034,2026-07-27,2026-06-29,Lead-generation post,Google Ads and site trust,Peptide website and Google Ads pitch,https://www.reddit.com/r/Entrepreneurs/comments/1uiqgyn/anyone_running_a_peptide_business_and_getting/,"Web builder claims five live client sites and says clear policies, testing documents, and business information outperform supplement-looking stores.","Not selling the products myself",D,"Self-interested pitch; clients and performance not identified","Test the trust architecture; reject the revenue forecast",Site conversion,New
S035,2026-07-27,2026-05-17,Expert interview,Peptide market strategy,Can Peptides Become a Real DTC Business,https://www.glp1digest.com/p/can-peptides-become-a-real-dtc-business,"Healthtech lawyer says broader lawful access would commoditize the molecule and compress price and margin.","the molecule will be commoditized",B,"Named expert opinion, not a forecast audit","Build moat in brand, evidence, service, distribution, and data",Market strategy,New
S036,2026-07-27,2026-04 to 2026-07,Founder forum,Peptide business retention,Starting a peptide business,https://www.reddit.com/r/Entrepreneurs/comments/1syde58/starting_a_peptide_business/,"Self-described owner asks whether to add subscription or bundles; thread is dense with service sellers and would-be founders.","subscription service or bundle service",D,"Anonymous self-description; no business records","Prove natural reorder before adding subscription",Retention,New
S037,2026-07-27,current 2026-07-27,Company profile,PureFusion Peptide,LinkedIn company page,https://www.linkedin.com/company/purefusion-peptide,"Profile claims white-label branding, packaging, and fulfillment but does not name an exact synthesis plant or lot bridge.","White Label & Fulfillment",A,"Verifies public claim only; capability and plant identity unverified","Verify every supply-chain role and exact site separately",Sourcing,New
S038,2026-07-27,current 2026-07-27,Supply-chain methodology,PepGuide,Global Peptide Network Map,https://pepguide.net/peptide-network-map.html,"Methodology says many manufacturers do not disclose exact production locations and listed addresses can be offices.","may correspond to a corporate or business office",A,"Direct methodology statement; underlying map entries vary","Treat address and manufacturer labels as leads, not proof",Sourcing,New
S039,2026-07-27,2026-07-21,Anonymous operator forum,Scaling and payments,RUO peptide payment processing,https://www.reddit.com/r/PaymentProcessing/comments/1v2g8qa/ruo_peptide_payment_processing/,"Poster claims $150,000 monthly, 7 percent processing cost, SEO acquisition, and a $600,000 target; none is reconciled.","Currently paying a 7% fee",D,"Anonymous unaudited revenue and fee claims","Do not forecast from forum revenue; require processor statements and settled P&L",Financial claims,New
S040,2026-07-27,accessed 2026-07-27,BlackHatWorld forum,Peptide business viability,Anyone making money with peptides,https://www.blackhatworld.com/seo/anyone-making-money-with-peptides.1797570/,"Posters repeatedly identify payment processing as the operating bottleneck and position affiliate as easier than owning operations.","payment processing side is a nightmare",D,"Anonymous forum opinion; some posters may sell services","Use forums as bottleneck sensors, not operating instructions",Forum quality,New
S041,2026-07-27,accessed 2026-07-27,BlackHatWorld forum,Peptide traffic,Anyone here worked with peptide or supplement offers,https://www.blackhatworld.com/seo/anyone-here-worked-with-peptide-or-supplement-offers.1794820/,"Replies say compliance, ad approvals, payment, and fresh traffic sources make scaling harder than it looks.","test small before committing",D,"Anonymous mixed-quality forum; includes prohibited tactics not reproduced here","Run lawful controlled channel tests before scaling",Marketing,New
S042,2026-07-27,2026-04-28,Founder podcast,Adera State,Peptide Industry Insider: What's Actually Coming Next,https://podcasts.apple.com/ca/podcast/peptide-industry-insider-whats-actually-coming-next/id1799231948?i=1000764185310,"Founder promotes mainstream-friendly formats and argues felt effect is a poor quality test.","feeling it is the worst way to judge",C,"Commercial founder interview; product claims not independently audited","Use analytical identity and outcome evidence, not sensation, as proof",Founder media,New
S043,2026-07-27,accessed 2026-07-27,Negative research result,Supplier identity,No verified retailer-to-plant bridge found,https://pepguide.net/peptide-network-map.html,"Public sweep found claims and maps but no new independently verified sampled-retail-vial-to-exact-synthesis-plant bridge; the map methodology warns that stated addresses may be offices.","Unknown stays unknown",B,"Negative result limited to searched public sources; linked methodology shows the public-data limitation","Do not claim direct or domestic manufacturing without auditable lot linkage",Sourcing,Negative result
