domain,status,captured_at,homepage_url,positioning_title,positioning_h1,positioning_description,promotion_copy,promotion_evidence_urls,tracking_stack,marketing_technology,channel_signals,affiliate_detected,affiliate_status,affiliate_links,referral_detected,referral_status,referral_links,loyalty_detected,loyalty_status,loyalty_links,subscription_detected,email_capture_detected,email_capture_status,sms_capture_detected,sms_capture_status,social_links,latest_content,meta_ads_library,google_ads_transparency,tiktok_ads_library,verified_public_ads,ad_source_status,evidence_urls,caveat
northlinelabs.org,reachable,2026-07-28T21:11:19.867Z,https://northlinelabs.org/,Northline Labs | Premium Research Peptides | 99%+ Purity Guaranteed,The new standard in verified peptides.,Shop premium research peptides with 99%+ verified purity. Third-party tested with COA included. Same-day shipping on all orders. Trusted by thousands of researchers nationwide.,"Third-party tested, with a Certificate of Analysis on every batch. Lot-traceable, discreetly shipped, and documented to the milligram. Buy 1, get 1—50% off Sitewide · auto-applied at checkout → || Get 15% off your first order. || New compounds, restocks, and COAs first — one code, straight to your inbox. Northline Club Get my 15% off →",https://northlinelabs.org/ || https://northlinelabs.org/ || https://northlinelabs.org/,Google Tag Manager | Google Analytics,Klaviyo | AffiliateWP | Trustpilot,Affiliate/ambassador: Affiliate technology marker only || Lifecycle: email form || Organic content: Recent public posts/feed || Verified public ads: 1 exact destination-domain match in official EEA/EU ad sources,true,plugin-marker-only,,false,not-surfaced,,false,not-surfaced,,false,true,public-form-observed,false,not-surfaced,,2026-03-21T23:28:57 | AOD-9604 Research: What Scientists Are Studying | https://northlinelabs.org/aod-9604-research-what-scientists-are-studying/ || 2026-03-21T23:27:57 | Peptide Degradation: How Temperature and Light Affect Stability | https://northlinelabs.org/peptide-degradation-how-temperature-and-light-affect-stability/ || 2026-03-21T23:26:59 | IGF-1 LR3 in Research: Applications and Protocols | https://northlinelabs.org/igf-1-lr3-in-research-applications-and-protocols/ || 2026-03-21T23:26:02 | Melanotan II Research: Published Studies and Findings | https://northlinelabs.org/melanotan-ii-research-published-studies-and-findings/ || 2026-03-21T23:25:07 | Where to Buy Research Peptides: What to Look For | https://northlinelabs.org/where-to-buy-research-peptides-what-to-look-for/,https://www.facebook.com/ads/library/?active_status=active&ad_type=all&country=US&q=Northline%20Labs&search_type=keyword_unordered,https://adstransparency.google.com/?region=US&query=northlinelabs.org,https://library.tiktok.com/ads,"Microsoft/Bing | 77172199723918 | 2026-02-17 | 2026-03-09 | Your Trusted Peptide Hub - Pioneering Peptide Science | https://northlinelabs.org/product/semax-premium-research-peptide/ | https://adlibrary.api.bingads.microsoft.com/api/v1/Ads/77172199723918?expand=AdDetails(expand=ImpressionsByCountry,Targets)",Microsoft/Bing: verified-ads-observed (Ads served on Bing.com in the EEA during 2025-07-28–2026-07-27; source may lag 1–3 days.) || Snap: no-verified-ads-observed (Ads delivered in the EU during 2025-07-28–2026-07-27; exact destination-domain matches only.),"https://northlinelabs.org/ | https://northlinelabs.org/about-northline/ | https://northlinelabs.org/contact/ | https://northlinelabs.org/wp-json/wp/v2/posts?per_page=5&_fields=date,link,title","Anonymous public GET only. Scripts, routes, forms, copy, and exact-domain ad matches show observed infrastructure or ads—not spend, CAC, ROAS, attributed visits, traffic-source share, or campaign profitability."
bluumpeptides.com,reachable,2026-07-28T21:11:19.867Z,https://bluumpeptides.com/,Buy Research Peptides Online | Bluum Peptides,"Research-Grade Peptides, delivered","Bluum Peptides offers research-grade peptides with HPLC-verified 99%+ purity and batch COAs. Lab-tested, shipped fast from the USA.",,,Google Tag Manager | Google Analytics | Google Ads tag | Meta Pixel | Microsoft Clarity | Triple Whale,Klaviyo | Judge.me,Paid social capable: Meta Pixel || Paid search/display capable: Google Ads tag || Organic social presence: Public social profile links || Lifecycle: email form || Organic content: Recent public posts/feed,false,not-surfaced,,false,not-surfaced,,false,not-surfaced,,false,true,public-form-observed,false,not-surfaced,instagram: https://instagram.com/bluumpeptides,"2026-07-17T19:49:00-05:00 | How Are Peptides Made? Chemical Synthesis, Recombinant Production Explained | https://bluumpeptides.com/blogs/research/how-are-peptides-made || 2026-07-13T19:45:00-05:00 | Definitive Guide to Peptide Storage and Stability | https://bluumpeptides.com/blogs/research/peptide-storage-and-stability || 2026-07-01T09:38:00-05:00 | How to Select a Peptide Supplier | https://bluumpeptides.com/blogs/research/how-to-select-a-peptide-supplier || 2026-06-27T09:06:00-05:00 | What are Research Peptides? | https://bluumpeptides.com/blogs/research/what-are-research-peptides || 2026-06-25T16:31:41-05:00 | How to Read a Peptide COA | https://bluumpeptides.com/blogs/research/how-to-read-a-peptide-coa",https://www.facebook.com/ads/library/?active_status=active&ad_type=all&country=US&q=Bluum%20Peptides&search_type=keyword_unordered,https://adstransparency.google.com/?region=US&query=bluumpeptides.com,https://library.tiktok.com/ads,,Microsoft/Bing: no-verified-ads-observed (Ads served on Bing.com in the EEA during 2025-07-28–2026-07-27; source may lag 1–3 days.) || Snap: no-verified-ads-observed (Ads delivered in the EU during 2025-07-28–2026-07-27; exact destination-domain matches only.),https://bluumpeptides.com/ | https://bluumpeptides.com/blogs/research | https://bluumpeptides.com/pages/contact | https://instagram.com/bluumpeptides | https://bluumpeptides.com/blogs/research.atom,"Anonymous public GET only. Scripts, routes, forms, copy, and exact-domain ad matches show observed infrastructure or ads—not spend, CAC, ROAS, attributed visits, traffic-source share, or campaign profitability."
ameanopeptides.com,reachable,2026-07-28T21:11:19.867Z,https://ameanopeptides.com/,Home - Ameano Peptides,Pioneering the Future of Peptide Science,"Explore our premium-grade research peptides, trusted by scientists, institutions, and innovators advancing biochemistry, longevity, and cellular discovery.",Free shipping on orders over $200 || Free Shipping,https://ameanopeptides.com/ || https://ameanopeptides.com/,Google Tag Manager | Google Analytics | Meta Pixel,Omnisend | GoAffPro | Trustpilot | WP Loyalty,Paid social capable: Meta Pixel || Affiliate/ambassador: Affiliate technology marker only || Lifecycle: email form || Organic content: Recent public posts/feed,true,plugin-marker-only,,false,not-surfaced,,true,public-route-observed,https://ameanopeptides.com/loyalty_reward/,false,true,public-form-observed,false,not-surfaced,,2025-12-27T22:30:58 | Upcoming Product Naming Update (Rolling Out Gradually) | https://ameanopeptides.com/upcoming-product-naming-update/,https://www.facebook.com/ads/library/?active_status=active&ad_type=all&country=US&q=Ameano%20Peptides&search_type=keyword_unordered,https://adstransparency.google.com/?region=US&query=ameanopeptides.com,https://library.tiktok.com/ads,,Microsoft/Bing: no-verified-ads-observed (Ads served on Bing.com in the EEA during 2025-07-28–2026-07-27; source may lag 1–3 days.) || Snap: no-verified-ads-observed (Ads delivered in the EU during 2025-07-28–2026-07-27; exact destination-domain matches only.),"https://ameanopeptides.com/ | https://partners.ameanopeptides.com/ | https://ameanopeptides.com/loyalty_reward/ | https://ameanopeptides.com/about/ | https://ameanopeptides.com/product-category/pre-sale-products/ | https://ameanopeptides.com/contact/ | https://ameanopeptides.com/wp-json/wp/v2/posts?per_page=5&_fields=date,link,title","Anonymous public GET only. Scripts, routes, forms, copy, and exact-domain ad matches show observed infrastructure or ads—not spend, CAC, ROAS, attributed visits, traffic-source share, or campaign profitability."
nexaph.com,reachable,2026-07-28T21:11:19.867Z,https://nexaph.com/,NEXAPH – Research Peptides,Revolutionize Science: Embrace the Power of Research Peptides,,Free shipping,https://nexaph.com/,Google Analytics,Klaviyo | Omnisend | WP Loyalty,Lifecycle: email form || Organic content: Recent public posts/feed,false,not-surfaced,,false,not-surfaced,,true,plugin-marker-only,,false,true,public-form-observed,false,not-surfaced,,2025-12-22T09:48:38 | Post for Content Lock | https://nexaph.com/test-post-for-content-lock/,https://www.facebook.com/ads/library/?active_status=active&ad_type=all&country=US&q=Nexaph&search_type=keyword_unordered,https://adstransparency.google.com/?region=US&query=nexaph.com,https://library.tiktok.com/ads,,Microsoft/Bing: no-verified-ads-observed (Ads served on Bing.com in the EEA during 2025-07-28–2026-07-27; source may lag 1–3 days.) || Snap: no-verified-ads-observed (Ads delivered in the EU during 2025-07-28–2026-07-27; exact destination-domain matches only.),"https://nexaph.com/ | https://nexaph.com/newsletter-sign-up/ | https://nexaph.order.swiftcs.ai/login | https://nexaph.com/about/ | https://nexaph.com/contact-us/ | https://nexaph.com/wp-json/wp/v2/posts?per_page=5&_fields=date,link,title","Anonymous public GET only. Scripts, routes, forms, copy, and exact-domain ad matches show observed infrastructure or ads—not spend, CAC, ROAS, attributed visits, traffic-source share, or campaign profitability."
ionpeptide.com,reachable,2026-07-28T21:11:19.867Z,https://ionpeptide.com/,Ion Peptide | Research Peptides for Sale in USA,High-Purity Research Peptides,Explore Ion Peptide | Research Peptides For Sale in USA with lab-verified quality and fast delivery for your research needs.,,,Google Analytics | Meta Pixel | TikTok Pixel | Reddit Pixel,Omnisend,"Paid social capable: Meta Pixel, TikTok Pixel, Reddit Pixel || Lifecycle: email form || Verified public ads: 1 exact destination-domain match in official EEA/EU ad sources",false,not-surfaced,,false,not-surfaced,,false,not-surfaced,,false,true,public-form-observed,false,not-surfaced,,,https://www.facebook.com/ads/library/?active_status=active&ad_type=all&country=US&q=ION%20Peptide&search_type=keyword_unordered,https://adstransparency.google.com/?region=US&query=ionpeptide.com,https://library.tiktok.com/ads,"Microsoft/Bing | 82601237968134 | 2026-04-28 | 2026-04-30 | High-Purity, High-Quality - Pure Peptides for Research | https://www.Ionpeptide.com | https://adlibrary.api.bingads.microsoft.com/api/v1/Ads/82601237968134?expand=AdDetails(expand=ImpressionsByCountry,Targets)",Microsoft/Bing: verified-ads-observed (Ads served on Bing.com in the EEA during 2025-07-28–2026-07-27; source may lag 1–3 days.) || Snap: no-verified-ads-observed (Ads delivered in the EU during 2025-07-28–2026-07-27; exact destination-domain matches only.),https://ionpeptide.com/ | https://ionpeptide.com/wholesale/ | https://ionpeptide.com/about-us/ | https://ionpeptide.com/contact/,"Anonymous public GET only. Scripts, routes, forms, copy, and exact-domain ad matches show observed infrastructure or ads—not spend, CAC, ROAS, attributed visits, traffic-source share, or campaign profitability."
verifiedpeptides.com,unresolved,2026-07-28T21:11:19.867Z,https://verifiedpeptides.com/,,,,,,,,,false,unknown,,false,unknown,,false,unknown,,false,false,unknown,false,unknown,,,https://www.facebook.com/ads/library/?active_status=active&ad_type=all&country=US&q=Verified%20Peptides&search_type=keyword_unordered,https://adstransparency.google.com/?region=US&query=verifiedpeptides.com,https://library.tiktok.com/ads,,Microsoft/Bing: no-verified-ads-observed (Ads served on Bing.com in the EEA during 2025-07-28–2026-07-27; source may lag 1–3 days.) || Snap: no-verified-ads-observed (Ads delivered in the EU during 2025-07-28–2026-07-27; exact destination-domain matches only.),,The anonymous public onsite pull failed. Unknown activity is not no activity. Official ad-source checks remain separately scoped.
primelabpeptides.com,reachable,2026-07-28T21:11:19.867Z,https://primelabpeptides.com/,Prime Lab Peptides – High-Purity Research Peptides USA,,"High-purity research peptides for laboratory use only. Fast U.S. shipping, professional-grade vials, and GMP-compliant standards. Not for human use.","15% OFF Today || — Use Code: SAVE15 || + FREE Shipping || Sign up today to unlock exclusive product launches, early access to flash sales, and insider updates — delivered straight to your inbox. Be the first to know about new research compounds and limited-time offers. || Welcome Gift: Enjoy free shipping on your first order when you subscribe! || You're $10.00 away from free shipping! || Free Shipping",https://primelabpeptides.com/ || https://primelabpeptides.com/ || https://primelabpeptides.com/ || https://primelabpeptides.com/ || https://primelabpeptides.com/ || https://primelabpeptides.com/ || https://primelabpeptides.com/,Google Tag Manager | Google Analytics | Meta Pixel | Triple Whale,Klaviyo | GoAffPro | Trustpilot,Paid social capable: Meta Pixel || Organic social presence: Public social profile links || Affiliate/ambassador: Public affiliate or ambassador route || Lifecycle: email form || Organic content: Recent public posts/feed,true,public-route-observed,https://primelabpeptides.com/pages/affiliate-program,false,not-surfaced,,false,not-surfaced,,false,true,public-form-observed,false,not-surfaced,instagram: https://instagram.com/prime_lab_peptides | facebook: https://facebook.com/primelabpeptides,2026-05-19T17:43:45-04:00 | How Does Orforglipron Affect Appetite Signaling Mechanisms? | https://primelabpeptides.com/blogs/news/how-does-orforglipron-affect-appetite-signaling-mechanisms || 2026-05-19T13:27:42-04:00 | How Does Melanotan II Support Experimental Research on MC4-Mediated Appetite Signaling? | https://primelabpeptides.com/blogs/news/how-does-melanotan-ii-support-experimental-research-on-mc4-mediated-appetite-signaling || 2026-05-17T14:48:27-04:00 | How Does AOD-9604 Peptide Work in Lipolysis and Metabolic Studies? | https://primelabpeptides.com/blogs/news/how-does-aod-9604-peptide-work-in-lipolysis-and-metabolic-studies-1 || 2026-05-15T18:46:43-04:00 | Can MOTS-C Improve Insulin Sensitivity Through Mitochondrial Pathways In Humans? | https://primelabpeptides.com/blogs/news/can-mots-c-improve-insulin-sensitivity-through-mitochondrial-pathways-in-humans || 2026-05-14T15:59:30-04:00 | What Molecular Mechanisms Distinguish Sermorelin From Endogenous GHRH Activity? | https://primelabpeptides.com/blogs/news/what-molecular-mechanisms-distinguish-sermorelin-from-endogenous-ghrh-activity,https://www.facebook.com/ads/library/?active_status=active&ad_type=all&country=US&q=Prime%20Lab%20Peptides&search_type=keyword_unordered,https://adstransparency.google.com/?region=US&query=primelabpeptides.com,https://library.tiktok.com/ads,,Microsoft/Bing: no-verified-ads-observed (Ads served on Bing.com in the EEA during 2025-07-28–2026-07-27; source may lag 1–3 days.) || Snap: no-verified-ads-observed (Ads delivered in the EU during 2025-07-28–2026-07-27; exact destination-domain matches only.),https://primelabpeptides.com/ | https://primelabpeptides.com/pages/affiliate-program | https://primelabpeptides.com/blogs/news | https://primelabpeptides.com/pages/about-us-and-our-research | https://primelabpeptides.com/pages/contact | https://primelabpeptides.com/blogs/news/how-does-orforglipron-affect-appetite-signaling-mechanisms | https://primelabpeptides.com/blogs/news/how-does-melanotan-ii-support-experimental-research-on-mc4-mediated-appetite-signaling | https://instagram.com/prime_lab_peptides | https://facebook.com/primelabpeptides | https://primelabpeptides.com/blogs/news.atom,"Anonymous public GET only. Scripts, routes, forms, copy, and exact-domain ad matches show observed infrastructure or ads—not spend, CAC, ROAS, attributed visits, traffic-source share, or campaign profitability."
modernaminos.com,unresolved,2026-07-28T21:11:19.867Z,https://modernaminos.com/,,,,,,,,,false,unknown,,false,unknown,,false,unknown,,false,false,unknown,false,unknown,,,https://www.facebook.com/ads/library/?active_status=active&ad_type=all&country=US&q=Modern%20Aminos&search_type=keyword_unordered,https://adstransparency.google.com/?region=US&query=modernaminos.com,https://library.tiktok.com/ads,,Microsoft/Bing: no-verified-ads-observed (Ads served on Bing.com in the EEA during 2025-07-28–2026-07-27; source may lag 1–3 days.) || Snap: no-verified-ads-observed (Ads delivered in the EU during 2025-07-28–2026-07-27; exact destination-domain matches only.),,The anonymous public onsite pull failed. Unknown activity is not no activity. Official ad-source checks remain separately scoped.
peptidecrafters.com,reachable,2026-07-28T21:11:19.867Z,https://peptidecrafters.com/login-register/?redirect_to=https%3A%2F%2Fpeptidecrafters.com%2F,Login & Register – Peptide Crafters – Buy Research Peptides Online on Sale,Certified Purity | Reference Standards,,,,Google Analytics,GoAffPro | WP Loyalty,Affiliate/ambassador: Affiliate technology marker only || Lifecycle: email form,true,plugin-marker-only,,false,not-surfaced,,true,plugin-marker-only,,false,true,public-form-observed,false,not-surfaced,,,https://www.facebook.com/ads/library/?active_status=active&ad_type=all&country=US&q=Peptide%20Crafters&search_type=keyword_unordered,https://adstransparency.google.com/?region=US&query=peptidecrafters.com,https://library.tiktok.com/ads,,Microsoft/Bing: no-verified-ads-observed (Ads served on Bing.com in the EEA during 2025-07-28–2026-07-27; source may lag 1–3 days.) || Snap: no-verified-ads-observed (Ads delivered in the EU during 2025-07-28–2026-07-27; exact destination-domain matches only.),https://peptidecrafters.com/login-register/?redirect_to=https%3A%2F%2Fpeptidecrafters.com%2F | https://peptidecrafters.com/initial-contact/ | https://peptidecrafters.com/login-register/?redirect_to=https%3A%2F%2Fpeptidecrafters.com%2Fcontact%2F,"Anonymous public GET only. Scripts, routes, forms, copy, and exact-domain ad matches show observed infrastructure or ads—not spend, CAC, ROAS, attributed visits, traffic-source share, or campaign profitability."
directpeptides.com,reachable,2026-07-28T21:11:19.867Z,https://directpeptides.com/,Direct Peptides | Buy Research Peptides Online,Laboratory grade,"Direct Peptides offers a wide range of research-grade peptides optimal for vitro studies. Order lab-verified peptides, shipped in the USA.",,,Google Tag Manager | Google Analytics | Google Ads tag | Meta Pixel | TikTok Pixel | Reddit Pixel,Loox,"Paid social capable: Meta Pixel, TikTok Pixel, Reddit Pixel || Paid search/display capable: Google Ads tag || Organic content: Public content hub",false,not-surfaced,,false,not-surfaced,,false,not-surfaced,,false,false,not-surfaced,false,not-surfaced,,,https://www.facebook.com/ads/library/?active_status=active&ad_type=all&country=US&q=Direct%20Peptides&search_type=keyword_unordered,https://adstransparency.google.com/?region=US&query=directpeptides.com,https://library.tiktok.com/ads,,Microsoft/Bing: no-verified-ads-observed (Ads served on Bing.com in the EEA during 2025-07-28–2026-07-27; source may lag 1–3 days.) || Snap: no-verified-ads-observed (Ads delivered in the EU during 2025-07-28–2026-07-27; exact destination-domain matches only.),https://directpeptides.com/ | https://directpeptides.com/blog,"Anonymous public GET only. Scripts, routes, forms, copy, and exact-domain ad matches show observed infrastructure or ads—not spend, CAC, ROAS, attributed visits, traffic-source share, or campaign profitability."
biotechpeptides.com,reachable,2026-07-28T21:11:19.867Z,https://biotechpeptides.com/,Buy Peptides for Scientific Research (USA Made),Biotech Peptides,"Buy peptides online, synthesized, and lyophilized in the USA. Biotech Peptides offers the synthesis of ANY peptide desired.",,,Google Tag Manager | Google Analytics,Omnisend | AffiliateWP,Affiliate/ambassador: Affiliate technology marker only || Lifecycle: email form || Organic content: Recent public posts/feed,true,plugin-marker-only,,false,not-surfaced,,false,not-surfaced,,false,true,public-form-observed,false,not-surfaced,,"2026-07-23T08:21:44 | Biopeptide EL: Molecular Characterization, Elastin-Binding Receptor Dermatology, and Extracellular Matrix Research | https://biotechpeptides.com/biopeptide-el-molecular-characterization-elastin-binding-receptor-dermatology-and-extracellular-matrix-research/ || 2026-07-14T17:31:31 | BPC157: Molecular Characterization, Pleiotropic Signaling Mechanisms, and Preclinical Research | https://biotechpeptides.com/bpc157-molecular-characterization-pleiotropic-signaling-mechanisms-and-preclinical-research/ || 2026-07-10T06:55:36 | Copper Peptides: Molecular Characterization, Mechanistic Biology, and Emerging Research | https://biotechpeptides.com/copper-peptides-molecular-characterization-mechanistic-biology-and-emerging-research/ || 2026-07-02T08:45:48 | Modified GRF 1-29 and GHRP-2 Peptide Blend: Receptor Pharmacology, Somatotroph Signaling, and Neuroendocrine Research | https://biotechpeptides.com/modified-grf-1-29-and-ghrp-2-peptide-blend-receptor-pharmacology-somatotroph-signaling-and-neuroendocrine-research/ || 2026-06-16T06:26:29 | Fragment 176-191, Modified GRF 1-29, and Ipamorelin Blend: Adipose Metabolism, GH Axis Modulation, and Receptor Signaling Research | https://biotechpeptides.com/fragment-176-191-modified-grf-1-29-and-ipamorelin-blend-adipose-metabolism-gh-axis-modulation-and-receptor-signaling-research/",https://www.facebook.com/ads/library/?active_status=active&ad_type=all&country=US&q=Biotech%20Peptides&search_type=keyword_unordered,https://adstransparency.google.com/?region=US&query=biotechpeptides.com,https://library.tiktok.com/ads,,Microsoft/Bing: no-verified-ads-observed (Ads served on Bing.com in the EEA during 2025-07-28–2026-07-27; source may lag 1–3 days.) || Snap: no-verified-ads-observed (Ads delivered in the EU during 2025-07-28–2026-07-27; exact destination-domain matches only.),"https://biotechpeptides.com/ | https://biotechpeptides.com/news/ | https://biotechpeptides.com/about/ | https://biotechpeptides.com/contact-us/ | https://biotechpeptides.com/wp-json/wp/v2/posts?per_page=5&_fields=date,link,title","Anonymous public GET only. Scripts, routes, forms, copy, and exact-domain ad matches show observed infrastructure or ads—not spend, CAC, ROAS, attributed visits, traffic-source share, or campaign profitability."
purerawz.co,reachable,2026-07-28T21:11:19.867Z,https://purerawz.co/,"PureRawz | Buy SARMs, Peptides & Nootropics For Research",Trusted & Premium Destination for Research Chemicals,"Shop high-purity SARMs, peptides, and nootropics for laboratory research at PureRawz . USA-made compounds, third-party tested, COA verified, and fast shipping.",FREE SHIPPING || Free Shipping for Orders over $100 || Fast and hassle-free shipping || Want to get 15% OFF site-wide plus a FREE keychain? Subscribe to our newsletter to claim this offer!,https://purerawz.co/ || https://purerawz.co/ || https://purerawz.co/ || https://purerawz.co/,Google Tag Manager | Google Analytics | Google Ads tag | Meta Pixel | Microsoft Clarity,Klaviyo | Omnisend | AffiliateWP,Paid social capable: Meta Pixel || Paid search/display capable: Google Ads tag || Organic social presence: Public social profile links || Affiliate/ambassador: Public affiliate or ambassador route || Lifecycle: email form || Organic content: Recent public posts/feed,true,public-route-observed,https://purerawz.co/affiliate-area/,false,not-surfaced,,true,public-route-observed,https://purerawz.co/rewards/,false,true,public-form-observed,false,not-surfaced,instagram: https://www.instagram.com/purerawzsome/ | instagram: https://www.instagram.com/purerawzrevolution/ | facebook: https://www.facebook.com/purerawz | tiktok: https://www.tiktok.com/@purerawz_official_ | youtube: https://www.youtube.com/@pure_rawz | x: https://twitter.com/PureRawzsome,"2026-07-14T02:59:07 | Why is Peptide Purity Important in Research Applications? | https://purerawz.co/why-is-peptide-purity-important-in-research-applications/ || 2026-05-22T03:08:10 | Melanotan II vs PT-141: Receptor Profiles and Research Differences | https://purerawz.co/melanotan-ii-vs-pt-141/ || 2026-05-13T00:50:53 | GHRP-2 vs GHRP-6: Key Differences in Mechanism, Research, and Effects | https://purerawz.co/ghrp-2-vs-ghrp-6/ || 2026-05-11T05:49:52 | Tesamorelin vs AOD 9604: Mechanisms, Research, and Key Differences | https://purerawz.co/tesamorelin-vs-aod-9604/ || 2026-05-05T06:08:52 | How Long Do Peptides Last? | https://purerawz.co/how-long-do-peptides-last/",https://www.facebook.com/ads/library/?active_status=active&ad_type=all&country=US&q=PureRawz&search_type=keyword_unordered,https://adstransparency.google.com/?region=US&query=purerawz.co,https://library.tiktok.com/ads,,Microsoft/Bing: no-verified-ads-observed (Ads served on Bing.com in the EEA during 2025-07-28–2026-07-27; source may lag 1–3 days.) || Snap: no-verified-ads-observed (Ads delivered in the EU during 2025-07-28–2026-07-27; exact destination-domain matches only.),"https://purerawz.co/ | https://purerawz.co/affiliate-area/ | https://purerawz.co/blog/ | https://purerawz.co/contact-us/ | https://purerawz.co/about-us/ | https://purerawz.co/shop/ | https://purerawz.co/sale/ | https://purerawz.co/rewards/ | https://www.instagram.com/purerawzsome/ | https://www.instagram.com/purerawzrevolution/ | https://www.facebook.com/purerawz | https://www.tiktok.com/@purerawz_official_ | https://www.youtube.com/@pure_rawz | https://twitter.com/PureRawzsome | https://purerawz.co/wp-json/wp/v2/posts?per_page=5&_fields=date,link,title","Anonymous public GET only. Scripts, routes, forms, copy, and exact-domain ad matches show observed infrastructure or ads—not spend, CAC, ROAS, attributed visits, traffic-source share, or campaign profitability."
oathresearch.com,reachable,2026-07-28T21:11:19.867Z,https://oathresearch.com/,Home - Oath Research,Our Oath.,"Our Oath. The purest peptides. Period. Verified Compounds. Order lab tested research peptides, shipped with care. Shop Now Tested & Shipped in the USA. Handled with care. Shop Now Order In Seconds Select your product and place your order in just 3 clicks. Fast 2 Day Delivery Fulfilled same day. No delays. Get Support Anytime &hellip;",Free Shipping on Orders Over $250,https://oathresearch.com/,Google Analytics | Google Ads tag,,Paid search/display capable: Google Ads tag || Lifecycle: email form || Organic content: Recent public posts/feed || Verified public ads: 2 exact destination-domain matches in official EEA/EU ad sources,false,not-surfaced,,false,not-surfaced,,false,not-surfaced,,false,true,public-form-observed,false,not-surfaced,,2026-04-11T14:00:00 | HPLC and Mass Spectrometry: How Peptide Purity Is Verified | https://oathresearch.com/2026/04/11/hplc-and-mass-spectrometry-how-peptide-purity-is-verified/ || 2026-04-11T09:00:00 | Common Peptide Degradation Pathways and How to Prevent Them | https://oathresearch.com/2026/04/11/common-peptide-degradation-pathways-and-how-to-prevent-them/ || 2026-04-10T14:00:00 | Understanding Peptide Molecular Weight and Molar Calculations in Research | https://oathresearch.com/2026/04/10/understanding-peptide-molecular-weight-and-molar-calculations-in-research/ || 2026-04-10T09:00:00 | Freeze-Thaw Cycles and Peptide Integrity: What the Data Shows | https://oathresearch.com/2026/04/10/freeze-thaw-cycles-and-peptide-integrity-what-the-data-shows/ || 2026-04-09T14:00:00 | Peptide Solubility Guide: Matching Solvents to Sequences | https://oathresearch.com/2026/04/09/peptide-solubility-guide-matching-solvents-to-sequences/,https://www.facebook.com/ads/library/?active_status=active&ad_type=all&country=US&q=Oath%20Research&search_type=keyword_unordered,https://adstransparency.google.com/?region=US&query=oathresearch.com,https://library.tiktok.com/ads,"Microsoft/Bing | 73461474620957 | 2026-03-16 | 2026-03-16 | Free Bacteriostatic Water. - 2 day USA shipping. | https://oathresearch.com | https://adlibrary.api.bingads.microsoft.com/api/v1/Ads/73461474620957?expand=AdDetails(expand=ImpressionsByCountry,Targets) || Microsoft/Bing | 74286110019872 | 2026-03-14 | 2026-03-30 | Fat Burning Peptides - Home - Oath Peptides - Oath Peptides | http://oathresearch.com | https://adlibrary.api.bingads.microsoft.com/api/v1/Ads/74286110019872?expand=AdDetails(expand=ImpressionsByCountry,Targets)",Microsoft/Bing: verified-ads-observed (Ads served on Bing.com in the EEA during 2025-07-28–2026-07-27; source may lag 1–3 days.) || Snap: no-verified-ads-observed (Ads delivered in the EU during 2025-07-28–2026-07-27; exact destination-domain matches only.),"https://oathresearch.com/ | https://oathresearch.com/wp-json/wp/v2/posts?per_page=5&_fields=date,link,title","Anonymous public GET only. Scripts, routes, forms, copy, and exact-domain ad matches show observed infrastructure or ads—not spend, CAC, ROAS, attributed visits, traffic-source share, or campaign profitability."
peptidessource.com,partial,2026-07-28T21:11:19.867Z,https://peptidessource.com/,Affiliate,,Peptidessource is a top-rated USA-made peptide supplier. Explore our Affiliate category for solid research tools and see why many labs choose our items.,Summer 30% Off || Add $ 340.00 more to get FREE Shipping || Best Sellers 30% Off,https://www.peptidessource.com/affiliate/ || https://www.peptidessource.com/affiliate/ || https://www.peptidessource.com/,Google Tag Manager,Omnisend | Mailchimp | SliceWP,Affiliate/ambassador: Public affiliate or ambassador route || Lifecycle: email form || Organic content: Recent public posts/feed,true,public-route-observed,https://www.peptidessource.com/affiliate/ | https://peptidessource.com/affiliate-registration,false,not-surfaced,,false,not-surfaced,,false,true,public-form-observed,false,not-surfaced,,2026-07-27T18:33:51 | Tesamorelin Research: Growth Hormone-Releasing Factor Analog and Metabolic Study Profile | https://www.peptidessource.com/tesamorelin-research-ghrh-analog/ || 2026-07-24T15:23:21 | Wholesale Research Peptides: Bulk Ordering for Laboratories and Institutions | https://www.peptidessource.com/wholesale-research-peptides/ || 2026-07-14T23:29:00 | Where to Buy Research Peptides Online in the USA: What Serious Labs Check First | https://www.peptidessource.com/where-to-buy-research-peptides-usa/ || 2026-06-15T03:21:33 | PT-141 (Bremelanotide) Research: Melanocortin Receptor Pathways & CNS Mechanism Studies | https://www.peptidessource.com/pt-141-bremelanotide-research-melanocortin-receptor-pathways-cns-mechanism-studies/ || 2026-06-08T05:39:44 | Epithalon Research Peptide: Telomerase Activation & Pineal Bioregulation Studies | https://www.peptidessource.com/epithalon-research-peptide-telomerase-activation-pineal-bioregulation-studies/,https://www.facebook.com/ads/library/?active_status=active&ad_type=all&country=US&q=Peptides%20Source&search_type=keyword_unordered,https://adstransparency.google.com/?region=US&query=peptidessource.com,https://library.tiktok.com/ads,,Microsoft/Bing: no-verified-ads-observed (Ads served on Bing.com in the EEA during 2025-07-28–2026-07-27; source may lag 1–3 days.) || Snap: no-verified-ads-observed (Ads delivered in the EU during 2025-07-28–2026-07-27; exact destination-domain matches only.),"https://www.peptidessource.com/affiliate/ | https://www.peptidessource.com/ | https://peptidessource.com/affiliate-registration | https://peptidessource.com/wp-json/wp/v2/posts?per_page=5&_fields=date,link,title","Anonymous public GET only. Scripts, routes, forms, copy, and exact-domain ad matches show observed infrastructure or ads—not spend, CAC, ROAS, attributed visits, traffic-source share, or campaign profitability."
particlepeptides.com,unresolved,2026-07-28T21:11:19.867Z,https://particlepeptides.com/en/,,,,,,,,,false,unknown,,false,unknown,,false,unknown,,false,false,unknown,false,unknown,,,https://www.facebook.com/ads/library/?active_status=active&ad_type=all&country=US&q=Particle%20Peptides&search_type=keyword_unordered,https://adstransparency.google.com/?region=US&query=particlepeptides.com,https://library.tiktok.com/ads,,Microsoft/Bing: no-verified-ads-observed (Ads served on Bing.com in the EEA during 2025-07-28–2026-07-27; source may lag 1–3 days.) || Snap: no-verified-ads-observed (Ads delivered in the EU during 2025-07-28–2026-07-27; exact destination-domain matches only.),,The anonymous public onsite pull failed. Unknown activity is not no activity. Official ad-source checks remain separately scoped.
certified-pep.com,unresolved,2026-07-28T21:11:19.867Z,https://certified-pep.com/,,,,,,,,,false,unknown,,false,unknown,,false,unknown,,false,false,unknown,false,unknown,,,https://www.facebook.com/ads/library/?active_status=active&ad_type=all&country=US&q=Certified%20Peptides&search_type=keyword_unordered,https://adstransparency.google.com/?region=US&query=certified-pep.com,https://library.tiktok.com/ads,,Microsoft/Bing: no-verified-ads-observed (Ads served on Bing.com in the EEA during 2025-07-28–2026-07-27; source may lag 1–3 days.) || Snap: no-verified-ads-observed (Ads delivered in the EU during 2025-07-28–2026-07-27; exact destination-domain matches only.),,The anonymous public onsite pull failed. Unknown activity is not no activity. Official ad-source checks remain separately scoped.
apex-peptides.com,reachable,2026-07-28T21:11:19.867Z,https://apex-peptides.com/,,,,,,Google Tag Manager | Meta Pixel,Omnisend | GoAffPro | Brevo,Paid social capable: Meta Pixel || Affiliate/ambassador: Affiliate technology marker only || Lifecycle: email vendor marker,true,plugin-marker-only,,false,not-surfaced,,false,not-surfaced,,false,false,vendor-marker-only,false,not-surfaced,,,https://www.facebook.com/ads/library/?active_status=active&ad_type=all&country=US&q=Apex%20Peptides&search_type=keyword_unordered,https://adstransparency.google.com/?region=US&query=apex-peptides.com,https://library.tiktok.com/ads,,Microsoft/Bing: no-verified-ads-observed (Ads served on Bing.com in the EEA during 2025-07-28–2026-07-27; source may lag 1–3 days.) || Snap: no-verified-ads-observed (Ads delivered in the EU during 2025-07-28–2026-07-27; exact destination-domain matches only.),https://apex-peptides.com/,"Anonymous public GET only. Scripts, routes, forms, copy, and exact-domain ad matches show observed infrastructure or ads—not spend, CAC, ROAS, attributed visits, traffic-source share, or campaign profitability."
planetpeptide.com,unresolved,2026-07-28T21:11:19.867Z,https://planetpeptide.com/,,,,,,,,,false,unknown,,false,unknown,,false,unknown,,false,false,unknown,false,unknown,,,https://www.facebook.com/ads/library/?active_status=active&ad_type=all&country=US&q=Planet%20Peptide&search_type=keyword_unordered,https://adstransparency.google.com/?region=US&query=planetpeptide.com,https://library.tiktok.com/ads,,Microsoft/Bing: no-verified-ads-observed (Ads served on Bing.com in the EEA during 2025-07-28–2026-07-27; source may lag 1–3 days.) || Snap: no-verified-ads-observed (Ads delivered in the EU during 2025-07-28–2026-07-27; exact destination-domain matches only.),,The anonymous public onsite pull failed. Unknown activity is not no activity. Official ad-source checks remain separately scoped.
